Algorithm,Restaurant,Scenario,TotalGroups,SeatedGroups,TotalCustomers,SeatedCustomers,PctSeated,TableUtil%,SeatUtil%,AvgWait,MaxWait,AvgQueueLen,MaxQueueLen,Throughput,FairnessIndex,VIPSeated%,NonVIPSeated%,SimEndTime,BySize_Seated,BySize_AvgWait,BySize_MaxWait,BySize_Fairness,ServiceLevel
Single Queue (Staff-Guided),Compact Cafe,Light Traffic,16,14,45,34,87.5000,49.6212,47.0170,1.7857,20.0000,1.5455,4,0.0959,0.1050,75.0000,91.6667,146,Size 1: 100.00%; Size 2: 100.00%; Size 3: 100.00%; Size 4: 100.00%; Size 5: 0.00%; Size 6: 0.00%,Size 1: 0.00min; Size 2: 0.00min; Size 3: 1.67min; Size 4: 6.67min; Size 5: N/A; Size 6: N/A,Size 1: 0.00min; Size 2: 0.00min; Size 3: 5.00min; Size 4: 20.00min; Size 5: N/A; Size 6: N/A,Size 1: 0.00; Size 2: 0.00; Size 3: 0.33; Size 4: 0.33; Size 5: N/A; Size 6: N/A,<=30min: 100.0%; <=60min: 100.0%; <=90min: 100.0%; <=120min: 100.0%; <=146min: 100.0%
Single Queue (Staff-Guided),Compact Cafe,Peak Hours,24,19,72,46,79.1667,73.6111,67.8125,28.2632,103.0000,7.9167,15,0.1377,0.4394,83.3333,77.7778,138,Size 1: 100.00%; Size 2: 100.00%; Size 3: 100.00%; Size 4: 80.00%; Size 5: 0.00%; Size 6: 0.00%,Size 1: 13.50min; Size 2: 10.71min; Size 3: 50.00min; Size 4: 52.00min; Size 5: N/A; Size 6: N/A,Size 1: 22.00min; Size 2: 24.00min; Size 3: 99.00min; Size 4: 103.00min; Size 5: N/A; Size 6: N/A,Size 1: 0.71; Size 2: 0.53; Size 3: 0.65; Size 4: 0.65; Size 5: N/A; Size 6: N/A,<=30min: 68.4%; <=60min: 78.9%; <=90min: 89.5%; <=120min: 100.0%; <=138min: 100.0%
Single Queue (Staff-Guided),Compact Cafe,Mixed VIP Flow,20,16,63,41,80.0000,67.6471,65.8088,16.8750,85.0000,5.0588,11,0.1212,0.3032,83.3333,78.5714,132,Size 1: 100.00%; Size 2: 100.00%; Size 3: 100.00%; Size 4: 100.00%; Size 5: 0.00%; Size 6: 0.00%,Size 1: 6.50min; Size 2: 0.43min; Size 3: 38.33min; Size 4: 34.75min; Size 5: N/A; Size 6: N/A,Size 1: 8.00min; Size 2: 2.00min; Size 3: 50.00min; Size 4: 85.00min; Size 5: N/A; Size 6: N/A,Size 1: 0.95; Size 2: 0.26; Size 3: 0.92; Size 4: 0.48; Size 5: N/A; Size 6: N/A,<=30min: 75.0%; <=60min: 93.8%; <=90min: 100.0%; <=120min: 100.0%; <=132min: 100.0%
Single Queue (Staff-Guided),Compact Cafe,Distributed Arrivals with Mixed Sizes and VIPs,24,22,58,48,91.6667,79.0404,62.6894,36.1818,105.0000,7.2879,15,0.1528,0.6015,83.3333,94.4444,144,Size 1: 100.00%; Size 2: 100.00%; Size 3: 100.00%; Size 4: 83.33%; Size 6: 0.00%,Size 1: 24.67min; Size 2: 34.80min; Size 3: 59.00min; Size 4: 44.60min; Size 6: N/A,Size 1: 57.00min; Size 2: 60.00min; Size 3: 105.00min; Size 4: 90.00min; Size 6: N/A,Size 1: 0.59; Size 2: 0.74; Size 3: 0.64; Size 4: 0.70; Size 6: N/A,<=30min: 45.5%; <=60min: 86.4%; <=90min: 95.5%; <=120min: 100.0%; <=144min: 100.0%
Single Queue (Staff-Guided),Compact Cafe,Many 1 Person Groups Preferring 4-Person Tables,24,21,55,42,87.5000,79.1667,48.1445,33.9048,96.0000,7.4844,15,0.1628,0.5975,83.3333,88.8889,129,Size 1: 100.00%; Size 2: 100.00%; Size 3: 50.00%; Size 4: 83.33%; Size 6: 0.00%,Size 1: 19.00min; Size 2: 41.50min; Size 3: 57.00min; Size 4: 56.00min; Size 6: N/A,Size 1: 55.00min; Size 2: 46.00min; Size 3: 57.00min; Size 4: 96.00min; Size 6: N/A,Size 1: 0.47; Size 2: 0.97; Size 3: 1.00; Size 4: 0.72; Size 6: N/A,<=30min: 52.4%; <=60min: 90.5%; <=90min: 95.2%; <=120min: 100.0%; <=129min: 100.0%
Single Queue (Staff-Guided),Small Bistro - Balanced Layout,Light Traffic,16,16,45,45,100.0000,63.1944,53.6932,1.5625,10.0000,0.5417,2,0.1176,0.1736,100.0000,100.0000,136,Size 1: 100.00%; Size 2: 100.00%; Size 3: 100.00%; Size 4: 100.00%; Size 5: 100.00%; Size 6: 100.00%,Size 1: 0.00min; Size 2: 0.00min; Size 3: 1.67min; Size 4: 3.33min; Size 5: 10.00min; Size 6: 0.00min,Size 1: 0.00min; Size 2: 0.00min; Size 3: 5.00min; Size 4: 10.00min; Size 5: 10.00min; Size 6: 0.00min,Size 1: 0.00; Size 2: 0.00; Size 3: 0.33; Size 4: 0.33; Size 5: 1.00; Size 6: 1.00,<=30min: 100.0%; <=60min: 100.0%; <=90min: 100.0%; <=120min: 100.0%; <=136min: 100.0%
Single Queue (Staff-Guided),Small Bistro - Balanced Layout,Peak Hours,24,23,72,66,95.8333,83.5821,70.8277,39.3913,98.0000,7.0000,15,0.1608,0.6197,83.3333,100.0000,143,Size 1: 100.00%; Size 2: 100.00%; Size 3: 100.00%; Size 4: 100.00%; Size 5: 100.00%; Size 6: 50.00%,Size 1: 37.50min; Size 2: 26.29min; Size 3: 44.50min; Size 4: 50.00min; Size 5: 47.50min; Size 6: 49.00min,Size 1: 73.00min; Size 2: 60.00min; Size 3: 79.00min; Size 4: 98.00min; Size 5: 95.00min; Size 6: 49.00min,Size 1: 0.67; Size 2: 0.59; Size 3: 0.69; Size 4: 0.69; Size 5: 0.50; Size 6: 1.00,<=30min: 34.8%; <=60min: 73.9%; <=90min: 91.3%; <=120min: 100.0%; <=143min: 100.0%
Single Queue (Staff-Guided),Small Bistro - Balanced Layout,Mixed VIP Flow,20,18,63,52,90.0000,76.6667,62.5620,18.5556,88.0000,4.4000,10,0.1277,0.4172,83.3333,92.8571,141,Size 1: 100.00%; Size 2: 100.00%; Size 3: 100.00%; Size 4: 100.00%; Size 5: 50.00%; Size 6: 50.00%,Size 1: 14.50min; Size 2: 12.00min; Size 3: 10.33min; Size 4: 16.00min; Size 5: 88.00min; Size 6: 38.00min,Size 1: 23.00min; Size 2: 33.00min; Size 3: 27.00min; Size 4: 45.00min; Size 5: 88.00min; Size 6: 38.00min,Size 1: 0.74; Size 2: 0.51; Size 3: 0.43; Size 4: 0.43; Size 5: 1.00; Size 6: 1.00,<=30min: 77.8%; <=60min: 94.4%; <=90min: 100.0%; <=120min: 100.0%; <=141min: 100.0%
Single Queue (Staff-Guided),Small Bistro - Balanced Layout,Distributed Arrivals with Mixed Sizes and VIPs,24,24,58,58,100.0000,82.8502,52.7668,44.7917,108.0000,6.8406,15,0.1519,0.6377,100.0000,100.0000,158,Size 1: 100.00%; Size 2: 100.00%; Size 3: 100.00%; Size 4: 100.00%; Size 6: 100.00%,Size 1: 33.11min; Size 2: 48.20min; Size 3: 43.67min; Size 4: 51.00min; Size 6: 99.00min,Size 1: 95.00min; Size 2: 77.00min; Size 3: 74.00min; Size 4: 108.00min; Size 6: 99.00min,Size 1: 0.53; Size 2: 0.74; Size 3: 0.66; Size 4: 0.69; Size 6: 1.00,<=30min: 33.3%; <=60min: 70.8%; <=90min: 87.5%; <=120min: 100.0%; <=150min: 100.0%; <=158min: 100.0%
Single Queue (Staff-Guided),Small Bistro - Balanced Layout,Many 1 Person Groups Preferring 4-Person Tables,24,24,55,55,100.0000,82.3671,42.0290,44.7917,119.0000,6.8551,15,0.1558,0.6360,100.0000,100.0000,154,Size 1: 100.00%; Size 2: 100.00%; Size 3: 100.00%; Size 4: 100.00%; Size 6: 100.00%,Size 1: 24.09min; Size 2: 57.25min; Size 3: 70.00min; Size 4: 53.67min; Size 6: 119.00min,Size 1: 85.00min; Size 2: 72.00min; Size 3: 79.00min; Size 4: 95.00min; Size 6: 119.00min,Size 1: 0.44; Size 2: 0.94; Size 3: 0.98; Size 4: 0.75; Size 6: 1.00,<=30min: 33.3%; <=60min: 62.5%; <=90min: 91.7%; <=120min: 100.0%; <=150min: 100.0%; <=154min: 100.0%
Single Queue (Staff-Guided),Small Bistro - Large Table Heavy Layout,Light Traffic,16,16,45,45,100.0000,68.7500,45.8333,5.0000,25.0000,0.9375,4,0.1060,0.2857,100.0000,100.0000,151,Size 1: 100.00%; Size 2: 100.00%; Size 3: 100.00%; Size 4: 100.00%; Size 5: 100.00%; Size 6: 100.00%,Size 1: 0.00min; Size 2: 2.00min; Size 3: 1.67min; Size 4: 6.67min; Size 5: 25.00min; Size 6: 20.00min,Size 1: 0.00min; Size 2: 10.00min; Size 3: 5.00min; Size 4: 15.00min; Size 5: 25.00min; Size 6: 20.00min,Size 1: 0.00; Size 2: 0.20; Size 3: 0.33; Size 4: 0.53; Size 5: 1.00; Size 6: 1.00,<=30min: 100.0%; <=60min: 100.0%; <=90min: 100.0%; <=120min: 100.0%; <=150min: 100.0%; <=151min: 100.0%
Single Queue (Staff-Guided),Small Bistro - Large Table Heavy Layout,Peak Hours,24,21,72,61,87.5000,85.5738,55.3962,50.5238,115.0000,8.3770,16,0.1346,0.6459,83.3333,88.8889,156,Size 1: 75.00%; Size 2: 100.00%; Size 3: 100.00%; Size 4: 80.00%; Size 5: 100.00%; Size 6: 50.00%,Size 1: 48.67min; Size 2: 52.14min; Size 3: 53.75min; Size 4: 45.75min; Size 5: 58.00min; Size 6: 36.00min,Size 1: 78.00min; Size 2: 115.00min; Size 3: 99.00min; Size 4: 95.00min; Size 5: 82.00min; Size 6: 36.00min,Size 1: 0.66; Size 2: 0.61; Size 3: 0.66; Size 4: 0.59; Size 5: 0.85; Size 6: 1.00,<=30min: 33.3%; <=60min: 52.4%; <=90min: 81.0%; <=120min: 100.0%; <=150min: 100.0%; <=156min: 100.0%
Single Queue (Staff-Guided),Small Bistro - Large Table Heavy Layout,Mixed VIP Flow,20,20,63,63,100.0000,83.8596,56.2865,34.3500,85.0000,4.8772,12,0.1307,0.6019,100.0000,100.0000,153,Size 1: 100.00%; Size 2: 100.00%; Size 3: 100.00%; Size 4: 100.00%; Size 5: 100.00%; Size 6: 100.00%,Size 1: 37.50min; Size 2: 24.71min; Size 3: 37.33min; Size 4: 27.00min; Size 5: 58.00min; Size 6: 51.50min,Size 1: 68.00min; Size 2: 69.00min; Size 3: 66.00min; Size 4: 70.00min; Size 5: 85.00min; Size 6: 63.00min,Size 1: 0.60; Size 2: 0.47; Size 3: 0.77; Size 4: 0.46; Size 5: 0.82; Size 6: 0.95,<=30min: 45.0%; <=60min: 70.0%; <=90min: 100.0%; <=120min: 100.0%; <=150min: 100.0%; <=153min: 100.0%
Single Queue (Staff-Guided),Small Bistro - Large Table Heavy Layout,Distributed Arrivals with Mixed Sizes and VIPs,24,21,58,51,87.5000,85.5738,41.8716,50.9048,114.0000,8.3770,16,0.1373,0.6474,83.3333,88.8889,153,Size 1: 88.89%; Size 2: 80.00%; Size 3: 100.00%; Size 4: 83.33%; Size 6: 100.00%,Size 1: 36.25min; Size 2: 57.75min; Size 3: 69.67min; Size 4: 47.60min; Size 6: 101.00min,Size 1: 80.00min; Size 2: 101.00min; Size 3: 114.00min; Size 4: 98.00min; Size 6: 101.00min,Size 1: 0.56; Size 2: 0.71; Size 3: 0.76; Size 4: 0.67; Size 6: 1.00,<=30min: 28.6%; <=60min: 52.4%; <=90min: 81.0%; <=120min: 100.0%; <=150min: 100.0%; <=153min: 100.0%
Single Queue (Staff-Guided),Small Bistro - Large Table Heavy Layout,Many 1 Person Groups Preferring 4-Person Tables,24,21,55,48,87.5000,85.5738,33.1284,50.9048,114.0000,8.3770,16,0.1373,0.6474,83.3333,88.8889,153,Size 1: 90.91%; Size 2: 75.00%; Size 3: 100.00%; Size 4: 83.33%; Size 6: 100.00%,Size 1: 26.60min; Size 2: 77.00min; Size 3: 95.00min; Size 4: 56.20min; Size 6: 101.00min,Size 1: 80.00min; Size 2: 101.00min; Size 3: 114.00min; Size 4: 98.00min; Size 6: 101.00min,Size 1: 0.50; Size 2: 0.94; Size 3: 0.96; Size 4: 0.72; Size 6: 1.00,<=30min: 28.6%; <=60min: 52.4%; <=90min: 81.0%; <=120min: 100.0%; <=150min: 100.0%; <=153min: 100.0%
Single Queue (Staff-Guided),Medium Diner - Standard Layout,Light Traffic,16,16,45,45,100.0000,40.2083,33.3882,0.0000,0.0000,0.3333,1,0.1270,0.0000,100.0000,100.0000,126,Size 1: 100.00%; Size 2: 100.00%; Size 3: 100.00%; Size 4: 100.00%; Size 5: 100.00%; Size 6: 100.00%,Size 1: 0.00min; Size 2: 0.00min; Size 3: 0.00min; Size 4: 0.00min; Size 5: 0.00min; Size 6: 0.00min,Size 1: 0.00min; Size 2: 0.00min; Size 3: 0.00min; Size 4: 0.00min; Size 5: 0.00min; Size 6: 0.00min,Size 1: 0.00; Size 2: 0.00; Size 3: 0.00; Size 4: 0.00; Size 5: 1.00; Size 6: 1.00,<=30min: 100.0%; <=60min: 100.0%; <=90min: 100.0%; <=120min: 100.0%; <=126min: 100.0%
Single Queue (Staff-Guided),Medium Diner - Standard Layout,Peak Hours,24,24,72,72,100.0000,75.4167,65.1681,15.1250,50.0000,3.7917,11,0.1600,0.5169,100.0000,100.0000,150,Size 1: 100.00%; Size 2: 100.00%; Size 3: 100.00%; Size 4: 100.00%; Size 5: 100.00%; Size 6: 100.00%,Size 1: 17.25min; Size 2: 10.71min; Size 3: 14.00min; Size 4: 15.60min; Size 5: 17.50min; Size 6: 25.00min,Size 1: 27.00min; Size 2: 24.00min; Size 3: 32.00min; Size 4: 35.00min; Size 5: 35.00min; Size 6: 50.00min,Size 1: 0.74; Size 2: 0.53; Size 3: 0.49; Size 4: 0.56; Size 5: 0.50; Size 6: 0.50,<=30min: 83.3%; <=60min: 100.0%; <=90min: 100.0%; <=120min: 100.0%; <=150min: 100.0%
Single Queue (Staff-Guided),Medium Diner - Standard Layout,Mixed VIP Flow,20,20,63,63,100.0000,67.5000,58.2456,5.1500,32.0000,1.7000,5,0.1587,0.2522,100.0000,100.0000,126,Size 1: 100.00%; Size 2: 100.00%; Size 3: 100.00%; Size 4: 100.00%; Size 5: 100.00%; Size 6: 100.00%,Size 1: 0.00min; Size 2: 0.43min; Size 3: 9.00min; Size 4: 5.25min; Size 5: 10.00min; Size 6: 16.00min,Size 1: 0.00min; Size 2: 3.00min; Size 3: 17.00min; Size 4: 16.00min; Size 5: 20.00min; Size 6: 32.00min,Size 1: 0.00; Size 2: 0.14; Size 3: 0.62; Size 4: 0.39; Size 5: 0.50; Size 6: 0.50,<=30min: 95.0%; <=60min: 100.0%; <=90min: 100.0%; <=120min: 100.0%; <=126min: 100.0%
Single Queue (Staff-Guided),Medium Diner - Standard Layout,Distributed Arrivals with Mixed Sizes and VIPs,24,24,58,58,100.0000,75.5556,47.2222,14.7500,46.0000,3.7639,10,0.1644,0.5164,100.0000,100.0000,146,Size 1: 100.00%; Size 2: 100.00%; Size 3: 100.00%; Size 4: 100.00%; Size 6: 100.00%,Size 1: 10.00min; Size 2: 15.80min; Size 3: 17.00min; Size 4: 14.67min; Size 6: 46.00min,Size 1: 25.00min; Size 2: 28.00min; Size 3: 26.00min; Size 4: 42.00min; Size 6: 46.00min,Size 1: 0.44; Size 2: 0.69; Size 3: 0.67; Size 4: 0.45; Size 6: 1.00,<=30min: 91.7%; <=60min: 100.0%; <=90min: 100.0%; <=120min: 100.0%; <=146min: 100.0%
Single Queue (Staff-Guided),Medium Diner - Standard Layout,Many 1 Person Groups Preferring 4-Person Tables,24,24,55,55,100.0000,74.4444,37.4269,15.0417,50.0000,3.8194,10,0.1600,0.4974,100.0000,100.0000,150,Size 1: 100.00%; Size 2: 100.00%; Size 3: 100.00%; Size 4: 100.00%; Size 6: 100.00%,Size 1: 5.73min; Size 2: 17.25min; Size 3: 27.00min; Size 4: 20.83min; Size 6: 50.00min,Size 1: 25.00min; Size 2: 28.00min; Size 3: 29.00min; Size 4: 45.00min; Size 6: 50.00min,Size 1: 0.27; Size 2: 0.86; Size 3: 0.99; Size 4: 0.62; Size 6: 1.00,<=30min: 91.7%; <=60min: 100.0%; <=90min: 100.0%; <=120min: 100.0%; <=150min: 100.0%
Single Queue (Staff-Guided),Family Restaurant,Light Traffic,16,16,45,45,100.0000,44.6759,28.8352,0.0000,0.0000,0.3333,1,0.1270,0.0000,100.0000,100.0000,126,Size 1: 100.00%; Size 2: 100.00%; Size 3: 100.00%; Size 4: 100.00%; Size 5: 100.00%; Size 6: 100.00%,Size 1: 0.00min; Size 2: 0.00min; Size 3: 0.00min; Size 4: 0.00min; Size 5: 0.00min; Size 6: 0.00min,Size 1: 0.00min; Size 2: 0.00min; Size 3: 0.00min; Size 4: 0.00min; Size 5: 0.00min; Size 6: 0.00min,Size 1: 0.00; Size 2: 0.00; Size 3: 0.00; Size 4: 0.00; Size 5: 1.00; Size 6: 1.00,<=30min: 100.0%; <=60min: 100.0%; <=90min: 100.0%; <=120min: 100.0%; <=126min: 100.0%
Single Queue (Staff-Guided),Family Restaurant,Peak Hours,24,24,72,72,100.0000,77.0062,53.5038,20.0000,45.0000,4.3889,12,0.1739,0.5735,100.0000,100.0000,138,Size 1: 100.00%; Size 2: 100.00%; Size 3: 100.00%; Size 4: 100.00%; Size 5: 100.00%; Size 6: 100.00%,Size 1: 24.00min; Size 2: 18.71min; Size 3: 20.25min; Size 4: 20.20min; Size 5: 17.50min; Size 6: 18.00min,Size 1: 42.00min; Size 2: 44.00min; Size 3: 42.00min; Size 4: 45.00min; Size 5: 35.00min; Size 6: 36.00min,Size 1: 0.70; Size 2: 0.53; Size 3: 0.63; Size 4: 0.55; Size 5: 0.50; Size 6: 0.50,<=30min: 62.5%; <=60min: 100.0%; <=90min: 100.0%; <=120min: 100.0%; <=138min: 100.0%
Single Queue (Staff-Guided),Family Restaurant,Mixed VIP Flow,20,20,63,63,100.0000,72.0370,50.0758,6.7500,22.0000,2.0333,7,0.1709,0.4201,100.0000,100.0000,117,Size 1: 100.00%; Size 2: 100.00%; Size 3: 100.00%; Size 4: 100.00%; Size 5: 100.00%; Size 6: 100.00%,Size 1: 7.00min; Size 2: 5.57min; Size 3: 4.33min; Size 4: 9.25min; Size 5: 10.00min; Size 6: 6.00min,Size 1: 9.00min; Size 2: 22.00min; Size 3: 10.00min; Size 4: 21.00min; Size 5: 20.00min; Size 6: 12.00min,Size 1: 0.92; Size 2: 0.30; Size 3: 0.52; Size 4: 0.49; Size 5: 0.50; Size 6: 0.50,<=30min: 100.0%; <=60min: 100.0%; <=90min: 100.0%; <=117min: 100.0%
Single Queue (Staff-Guided),Family Restaurant,Distributed Arrivals with Mixed Sizes and VIPs,24,24,58,58,100.0000,77.1605,38.6679,19.5417,45.0000,4.3611,11,0.1739,0.5681,100.0000,100.0000,138,Size 1: 100.00%; Size 2: 100.00%; Size 3: 100.00%; Size 4: 100.00%; Size 6: 100.00%,Size 1: 15.56min; Size 2: 25.40min; Size 3: 22.67min; Size 4: 16.67min; Size 6: 34.00min,Size 1: 43.00min; Size 2: 44.00min; Size 3: 42.00min; Size 4: 45.00min; Size 6: 34.00min,Size 1: 0.48; Size 2: 0.74; Size 3: 0.63; Size 4: 0.46; Size 6: 1.00,<=30min: 62.5%; <=60min: 100.0%; <=90min: 100.0%; <=120min: 100.0%; <=138min: 100.0%
Single Queue (Staff-Guided),Family Restaurant,Many 1 Person Groups Preferring 4-Person Tables,24,24,55,55,100.0000,77.1605,31.9444,19.4167,45.0000,4.3611,11,0.1739,0.5692,100.0000,100.0000,138,Size 1: 100.00%; Size 2: 100.00%; Size 3: 100.00%; Size 4: 100.00%; Size 6: 100.00%,Size 1: 9.27min; Size 2: 31.75min; Size 3: 34.00min; Size 4: 22.50min; Size 6: 34.00min,Size 1: 40.00min; Size 2: 44.00min; Size 3: 42.00min; Size 4: 45.00min; Size 6: 34.00min,Size 1: 0.31; Size 2: 0.92; Size 3: 0.95; Size 4: 0.62; Size 6: 1.00,<=30min: 66.7%; <=60min: 100.0%; <=90min: 100.0%; <=120min: 100.0%; <=138min: 100.0%
Single Queue (Staff-Guided),Dim Sum Hall,Light Traffic,16,16,45,45,100.0000,33.5069,18.1250,0.0000,0.0000,0.3333,1,0.1270,0.0000,100.0000,100.0000,126,Size 1: 100.00%; Size 2: 100.00%; Size 3: 100.00%; Size 4: 100.00%; Size 5: 100.00%; Size 6: 100.00%,Size 1: 0.00min; Size 2: 0.00min; Size 3: 0.00min; Size 4: 0.00min; Size 5: 0.00min; Size 6: 0.00min,Size 1: 0.00min; Size 2: 0.00min; Size 3: 0.00min; Size 4: 0.00min; Size 5: 0.00min; Size 6: 0.00min,Size 1: 0.00; Size 2: 0.00; Size 3: 0.00; Size 4: 0.00; Size 5: 1.00; Size 6: 1.00,<=30min: 100.0%; <=60min: 100.0%; <=90min: 100.0%; <=120min: 100.0%; <=126min: 100.0%
Single Queue (Staff-Guided),Dim Sum Hall,Peak Hours,24,24,72,72,100.0000,71.8750,40.9127,7.9583,21.0000,2.6250,9,0.2017,0.4624,100.0000,100.0000,119,Size 1: 100.00%; Size 2: 100.00%; Size 3: 100.00%; Size 4: 100.00%; Size 5: 100.00%; Size 6: 100.00%,Size 1: 7.50min; Size 2: 5.43min; Size 3: 8.25min; Size 4: 11.40min; Size 5: 7.00min; Size 6: 9.50min,Size 1: 20.00min; Size 2: 18.00min; Size 3: 17.00min; Size 4: 21.00min; Size 5: 14.00min; Size 6: 19.00min,Size 1: 0.45; Size 2: 0.35; Size 3: 0.50; Size 4: 0.60; Size 5: 0.50; Size 6: 0.50,<=30min: 100.0%; <=60min: 100.0%; <=90min: 100.0%; <=119min: 100.0%
Single Queue (Staff-Guided),Dim Sum Hall,Mixed VIP Flow,20,20,63,63,100.0000,64.8611,37.8333,1.5500,13.0000,0.7333,3,0.1835,0.1855,100.0000,100.0000,109,Size 1: 100.00%; Size 2: 100.00%; Size 3: 100.00%; Size 4: 100.00%; Size 5: 100.00%; Size 6: 100.00%,Size 1: 3.00min; Size 2: 0.29min; Size 3: 1.67min; Size 4: 1.25min; Size 5: 6.50min; Size 6: 0.00min,Size 1: 6.00min; Size 2: 2.00min; Size 3: 5.00min; Size 4: 5.00min; Size 5: 13.00min; Size 6: 0.00min,Size 1: 0.50; Size 2: 0.14; Size 3: 0.33; Size 4: 0.25; Size 5: 0.50; Size 6: 0.00,<=30min: 100.0%; <=60min: 100.0%; <=90min: 100.0%; <=109min: 100.0%
Single Queue (Staff-Guided),Dim Sum Hall,Distributed Arrivals with Mixed Sizes and VIPs,24,24,58,58,100.0000,71.7593,29.7619,7.7917,22.0000,2.6111,8,0.2017,0.4563,100.0000,100.0000,119,Size 1: 100.00%; Size 2: 100.00%; Size 3: 100.00%; Size 4: 100.00%; Size 6: 100.00%,Size 1: 5.11min; Size 2: 7.20min; Size 3: 10.33min; Size 4: 9.17min; Size 6: 19.00min,Size 1: 22.00min; Size 2: 17.00min; Size 3: 17.00min; Size 4: 21.00min; Size 6: 19.00min,Size 1: 0.30; Size 2: 0.47; Size 3: 0.66; Size 4: 0.49; Size 6: 1.00,<=30min: 100.0%; <=60min: 100.0%; <=90min: 100.0%; <=119min: 100.0%
Single Queue (Staff-Guided),Dim Sum Hall,Many 1 Person Groups Preferring 4-Person Tables,24,24,55,55,100.0000,71.5278,24.9603,8.1667,26.0000,2.6250,8,0.2017,0.4511,100.0000,100.0000,119,Size 1: 100.00%; Size 2: 100.00%; Size 3: 100.00%; Size 4: 100.00%; Size 6: 100.00%,Size 1: 2.73min; Size 2: 13.25min; Size 3: 15.50min; Size 4: 10.50min; Size 6: 19.00min,Size 1: 20.00min; Size 2: 23.00min; Size 3: 17.00min; Size 4: 26.00min; Size 6: 19.00min,Size 1: 0.16; Size 2: 0.72; Size 3: 0.99; Size 4: 0.54; Size 6: 1.00,<=30min: 100.0%; <=60min: 100.0%; <=90min: 100.0%; <=119min: 100.0%
Single Queue (Staff-Guided),Large Banquet Hall,Light Traffic,16,16,45,45,100.0000,30.9295,12.9464,0.0000,0.0000,0.3333,1,0.1270,0.0000,100.0000,100.0000,126,Size 1: 100.00%; Size 2: 100.00%; Size 3: 100.00%; Size 4: 100.00%; Size 5: 100.00%; Size 6: 100.00%,Size 1: 0.00min; Size 2: 0.00min; Size 3: 0.00min; Size 4: 0.00min; Size 5: 0.00min; Size 6: 0.00min,Size 1: 0.00min; Size 2: 0.00min; Size 3: 0.00min; Size 4: 0.00min; Size 5: 0.00min; Size 6: 0.00min,Size 1: 0.00; Size 2: 0.00; Size 3: 0.00; Size 4: 0.00; Size 5: 1.00; Size 6: 1.00,<=30min: 100.0%; <=60min: 100.0%; <=90min: 100.0%; <=120min: 100.0%; <=126min: 100.0%
Single Queue (Staff-Guided),Large Banquet Hall,Peak Hours,24,24,72,72,100.0000,70.0855,31.2075,6.1667,18.0000,2.1528,8,0.2069,0.4261,100.0000,100.0000,116,Size 1: 100.00%; Size 2: 100.00%; Size 3: 100.00%; Size 4: 100.00%; Size 5: 100.00%; Size 6: 100.00%,Size 1: 7.50min; Size 2: 5.00min; Size 3: 7.25min; Size 4: 5.20min; Size 5: 6.00min; Size 6: 8.00min,Size 1: 18.00min; Size 2: 16.00min; Size 3: 15.00min; Size 4: 16.00min; Size 5: 12.00min; Size 6: 16.00min,Size 1: 0.48; Size 2: 0.35; Size 3: 0.50; Size 4: 0.38; Size 5: 0.50; Size 6: 0.50,<=30min: 100.0%; <=60min: 100.0%; <=90min: 100.0%; <=116min: 100.0%
Single Queue (Staff-Guided),Large Banquet Hall,Mixed VIP Flow,20,20,63,63,100.0000,61.9231,27.8401,0.4000,3.0000,0.5000,2,0.2020,0.1455,100.0000,100.0000,99,Size 1: 100.00%; Size 2: 100.00%; Size 3: 100.00%; Size 4: 100.00%; Size 5: 100.00%; Size 6: 100.00%,Size 1: 1.50min; Size 2: 0.29min; Size 3: 0.00min; Size 4: 0.75min; Size 5: 0.00min; Size 6: 0.00min,Size 1: 3.00min; Size 2: 2.00min; Size 3: 0.00min; Size 4: 3.00min; Size 5: 0.00min; Size 6: 0.00min,Size 1: 0.50; Size 2: 0.14; Size 3: 0.00; Size 4: 0.25; Size 5: 0.00; Size 6: 0.00,<=30min: 100.0%; <=60min: 100.0%; <=90min: 100.0%; <=99min: 100.0%
Single Queue (Staff-Guided),Large Banquet Hall,Distributed Arrivals with Mixed Sizes and VIPs,24,24,58,58,100.0000,69.9786,22.7183,5.9167,18.0000,2.1389,7,0.2069,0.4184,100.0000,100.0000,116,Size 1: 100.00%; Size 2: 100.00%; Size 3: 100.00%; Size 4: 100.00%; Size 6: 100.00%,Size 1: 4.44min; Size 2: 6.80min; Size 3: 9.00min; Size 4: 4.17min; Size 6: 16.00min,Size 1: 18.00min; Size 2: 16.00min; Size 3: 15.00min; Size 4: 15.00min; Size 6: 16.00min,Size 1: 0.31; Size 2: 0.47; Size 3: 0.66; Size 4: 0.32; Size 6: 1.00,<=30min: 100.0%; <=60min: 100.0%; <=90min: 100.0%; <=116min: 100.0%
Single Queue (Staff-Guided),Large Banquet Hall,Many 1 Person Groups Preferring 4-Person Tables,24,24,55,55,100.0000,69.9786,19.2035,5.9167,18.0000,2.1389,7,0.2069,0.4184,100.0000,100.0000,116,Size 1: 100.00%; Size 2: 100.00%; Size 3: 100.00%; Size 4: 100.00%; Size 6: 100.00%,Size 1: 2.55min; Size 2: 8.50min; Size 3: 13.50min; Size 4: 6.17min; Size 6: 16.00min,Size 1: 18.00min; Size 2: 16.00min; Size 3: 15.00min; Size 4: 15.00min; Size 6: 16.00min,Size 1: 0.17; Size 2: 0.59; Size 3: 0.99; Size 4: 0.49; Size 6: 1.00,<=30min: 100.0%; <=60min: 100.0%; <=90min: 100.0%; <=116min: 100.0%
Single Queue (Staff-Guided),Small-Table Heavy Layout,Light Traffic,16,14,45,34,87.5000,37.2159,37.6136,1.7857,20.0000,1.5455,4,0.0959,0.1050,75.0000,91.6667,146,Size 1: 100.00%; Size 2: 100.00%; Size 3: 100.00%; Size 4: 100.00%; Size 5: 0.00%; Size 6: 0.00%,Size 1: 0.00min; Size 2: 0.00min; Size 3: 1.67min; Size 4: 6.67min; Size 5: N/A; Size 6: N/A,Size 1: 0.00min; Size 2: 0.00min; Size 3: 5.00min; Size 4: 20.00min; Size 5: N/A; Size 6: N/A,Size 1: 0.00; Size 2: 0.00; Size 3: 0.33; Size 4: 0.33; Size 5: N/A; Size 6: N/A,<=30min: 100.0%; <=60min: 100.0%; <=90min: 100.0%; <=120min: 100.0%; <=146min: 100.0%
Single Queue (Staff-Guided),Small-Table Heavy Layout,Peak Hours,24,18,72,43,75.0000,67.4569,62.9310,19.7778,105.0000,6.8103,13,0.1304,0.2699,83.3333,72.2222,138,Size 1: 100.00%; Size 2: 100.00%; Size 3: 75.00%; Size 4: 80.00%; Size 5: 0.00%; Size 6: 0.00%,Size 1: 2.50min; Size 2: 1.43min; Size 3: 40.33min; Size 4: 53.75min; Size 5: N/A; Size 6: N/A,Size 1: 10.00min; Size 2: 4.00min; Size 3: 84.00min; Size 4: 105.00min; Size 5: N/A; Size 6: N/A,Size 1: 0.25; Size 2: 0.40; Size 3: 0.58; Size 4: 0.66; Size 5: N/A; Size 6: N/A,<=30min: 72.2%; <=60min: 83.3%; <=90min: 94.4%; <=120min: 100.0%; <=138min: 100.0%
Single Queue (Staff-Guided),Small-Table Heavy Layout,Mixed VIP Flow,20,16,63,41,80.0000,55.1471,55.5882,15.8750,85.0000,4.6471,9,0.1212,0.2700,83.3333,78.5714,132,Size 1: 100.00%; Size 2: 100.00%; Size 3: 100.00%; Size 4: 100.00%; Size 5: 0.00%; Size 6: 0.00%,Size 1: 0.00min; Size 2: 0.00min; Size 3: 38.33min; Size 4: 34.75min; Size 5: N/A; Size 6: N/A,Size 1: 0.00min; Size 2: 0.00min; Size 3: 50.00min; Size 4: 85.00min; Size 5: N/A; Size 6: N/A,Size 1: 0.00; Size 2: 0.00; Size 3: 0.92; Size 4: 0.48; Size 5: N/A; Size 6: N/A,<=30min: 75.0%; <=60min: 93.8%; <=90min: 100.0%; <=120min: 100.0%; <=132min: 100.0%
Single Queue (Staff-Guided),Small-Table Heavy Layout,Distributed Arrivals with Mixed Sizes and VIPs,24,21,58,45,87.5000,73.8281,58.1250,24.1905,97.0000,6.2031,13,0.1641,0.4114,83.3333,88.8889,128,Size 1: 100.00%; Size 2: 100.00%; Size 3: 66.67%; Size 4: 83.33%; Size 6: 0.00%,Size 1: 10.00min; Size 2: 14.60min; Size 3: 48.50min; Size 4: 49.60min; Size 6: N/A,Size 1: 25.00min; Size 2: 24.00min; Size 3: 97.00min; Size 4: 95.00min; Size 6: N/A,Size 1: 0.44; Size 2: 0.73; Size 3: 0.50; Size 4: 0.73; Size 6: N/A,<=30min: 76.2%; <=60min: 90.5%; <=90min: 90.5%; <=120min: 100.0%; <=128min: 100.0%
Single Queue (Staff-Guided),Small-Table Heavy Layout,Many 1 Person Groups Preferring 4-Person Tables,24,21,55,42,87.5000,72.8516,44.5313,24.6190,105.0000,6.0313,12,0.1522,0.4045,83.3333,88.8889,138,Size 1: 100.00%; Size 2: 100.00%; Size 3: 50.00%; Size 4: 83.33%; Size 6: 0.00%,Size 1: 9.36min; Size 2: 24.25min; Size 3: 61.00min; Size 4: 51.20min; Size 6: N/A,Size 1: 23.00min; Size 2: 26.00min; Size 3: 61.00min; Size 4: 105.00min; Size 6: N/A,Size 1: 0.44; Size 2: 0.99; Size 3: 1.00; Size 4: 0.57; Size 6: N/A,<=30min: 81.0%; <=60min: 85.7%; <=90min: 90.5%; <=120min: 100.0%; <=138min: 100.0%
Single Queue (Self-Service),Compact Cafe,Light Traffic,16,14,45,34,87.5000,49.6212,47.0170,1.7857,20.0000,1.5455,4,0.0959,0.1050,75.0000,91.6667,146,Size 1: 100.00%; Size 2: 100.00%; Size 3: 100.00%; Size 4: 100.00%; Size 5: 0.00%; Size 6: 0.00%,Size 1: 0.00min; Size 2: 0.00min; Size 3: 1.67min; Size 4: 6.67min; Size 5: N/A; Size 6: N/A,Size 1: 0.00min; Size 2: 0.00min; Size 3: 5.00min; Size 4: 20.00min; Size 5: N/A; Size 6: N/A,Size 1: 0.00; Size 2: 0.00; Size 3: 0.33; Size 4: 0.33; Size 5: N/A; Size 6: N/A,<=30min: 100.0%; <=60min: 100.0%; <=90min: 100.0%; <=120min: 100.0%; <=146min: 100.0%
Single Queue (Self-Service),Compact Cafe,Peak Hours,24,19,72,46,79.1667,73.6111,67.8125,28.2632,103.0000,7.9167,15,0.1377,0.4394,83.3333,77.7778,138,Size 1: 100.00%; Size 2: 100.00%; Size 3: 100.00%; Size 4: 80.00%; Size 5: 0.00%; Size 6: 0.00%,Size 1: 13.50min; Size 2: 10.71min; Size 3: 50.00min; Size 4: 52.00min; Size 5: N/A; Size 6: N/A,Size 1: 22.00min; Size 2: 24.00min; Size 3: 99.00min; Size 4: 103.00min; Size 5: N/A; Size 6: N/A,Size 1: 0.71; Size 2: 0.53; Size 3: 0.65; Size 4: 0.65; Size 5: N/A; Size 6: N/A,<=30min: 68.4%; <=60min: 78.9%; <=90min: 89.5%; <=120min: 100.0%; <=138min: 100.0%
Single Queue (Self-Service),Compact Cafe,Mixed VIP Flow,20,16,63,41,80.0000,67.6471,65.8088,16.8750,85.0000,5.0588,11,0.1212,0.3032,83.3333,78.5714,132,Size 1: 100.00%; Size 2: 100.00%; Size 3: 100.00%; Size 4: 100.00%; Size 5: 0.00%; Size 6: 0.00%,Size 1: 6.50min; Size 2: 0.43min; Size 3: 38.33min; Size 4: 34.75min; Size 5: N/A; Size 6: N/A,Size 1: 8.00min; Size 2: 2.00min; Size 3: 50.00min; Size 4: 85.00min; Size 5: N/A; Size 6: N/A,Size 1: 0.95; Size 2: 0.26; Size 3: 0.92; Size 4: 0.48; Size 5: N/A; Size 6: N/A,<=30min: 75.0%; <=60min: 93.8%; <=90min: 100.0%; <=120min: 100.0%; <=132min: 100.0%
Single Queue (Self-Service),Compact Cafe,Distributed Arrivals with Mixed Sizes and VIPs,24,21,58,45,87.5000,78.1250,58.4961,33.2857,98.0000,7.5156,15,0.1603,0.5687,83.3333,88.8889,131,Size 1: 100.00%; Size 2: 100.00%; Size 3: 66.67%; Size 4: 83.33%; Size 6: 0.00%,Size 1: 19.00min; Size 2: 27.40min; Size 3: 64.00min; Size 4: 52.60min; Size 6: N/A,Size 1: 50.00min; Size 2: 43.00min; Size 3: 96.00min; Size 4: 98.00min; Size 6: N/A,Size 1: 0.49; Size 2: 0.76; Size 3: 0.80; Size 4: 0.73; Size 6: N/A,<=30min: 47.6%; <=60min: 81.0%; <=90min: 90.5%; <=120min: 100.0%; <=131min: 100.0%
Single Queue (Self-Service),Compact Cafe,Many 1 Person Groups Preferring 4-Person Tables,24,22,55,45,91.6667,78.2828,49.4318,38.9545,117.0000,7.8333,16,0.1410,0.6129,83.3333,94.4444,156,Size 1: 100.00%; Size 2: 100.00%; Size 3: 100.00%; Size 4: 83.33%; Size 6: 0.00%,Size 1: 19.18min; Size 2: 46.50min; Size 3: 84.00min; Size 4: 58.40min; Size 6: N/A,Size 1: 58.00min; Size 2: 52.00min; Size 3: 117.00min; Size 4: 90.00min; Size 6: N/A,Size 1: 0.42; Size 2: 0.98; Size 3: 0.87; Size 4: 0.87; Size 6: N/A,<=30min: 31.8%; <=60min: 86.4%; <=90min: 95.5%; <=120min: 100.0%; <=150min: 100.0%; <=156min: 100.0%
Single Queue (Self-Service),Small Bistro - Balanced Layout,Light Traffic,16,16,45,45,100.0000,63.1944,53.6932,1.5625,10.0000,0.5417,2,0.1176,0.1736,100.0000,100.0000,136,Size 1: 100.00%; Size 2: 100.00%; Size 3: 100.00%; Size 4: 100.00%; Size 5: 100.00%; Size 6: 100.00%,Size 1: 0.00min; Size 2: 0.00min; Size 3: 1.67min; Size 4: 3.33min; Size 5: 10.00min; Size 6: 0.00min,Size 1: 0.00min; Size 2: 0.00min; Size 3: 5.00min; Size 4: 10.00min; Size 5: 10.00min; Size 6: 0.00min,Size 1: 0.00; Size 2: 0.00; Size 3: 0.33; Size 4: 0.33; Size 5: 1.00; Size 6: 1.00,<=30min: 100.0%; <=60min: 100.0%; <=90min: 100.0%; <=120min: 100.0%; <=136min: 100.0%
Single Queue (Self-Service),Small Bistro - Balanced Layout,Peak Hours,24,23,72,66,95.8333,83.5821,70.8277,39.3913,98.0000,7.0000,15,0.1608,0.6197,83.3333,100.0000,143,Size 1: 100.00%; Size 2: 100.00%; Size 3: 100.00%; Size 4: 100.00%; Size 5: 100.00%; Size 6: 50.00%,Size 1: 37.50min; Size 2: 26.29min; Size 3: 44.50min; Size 4: 50.00min; Size 5: 47.50min; Size 6: 49.00min,Size 1: 73.00min; Size 2: 60.00min; Size 3: 79.00min; Size 4: 98.00min; Size 5: 95.00min; Size 6: 49.00min,Size 1: 0.67; Size 2: 0.59; Size 3: 0.69; Size 4: 0.69; Size 5: 0.50; Size 6: 1.00,<=30min: 34.8%; <=60min: 73.9%; <=90min: 91.3%; <=120min: 100.0%; <=143min: 100.0%
Single Queue (Self-Service),Small Bistro - Balanced Layout,Mixed VIP Flow,20,18,63,52,90.0000,76.6667,62.5620,18.5556,88.0000,4.4000,10,0.1277,0.4172,83.3333,92.8571,141,Size 1: 100.00%; Size 2: 100.00%; Size 3: 100.00%; Size 4: 100.00%; Size 5: 50.00%; Size 6: 50.00%,Size 1: 14.50min; Size 2: 12.00min; Size 3: 10.33min; Size 4: 16.00min; Size 5: 88.00min; Size 6: 38.00min,Size 1: 23.00min; Size 2: 33.00min; Size 3: 27.00min; Size 4: 45.00min; Size 5: 88.00min; Size 6: 38.00min,Size 1: 0.74; Size 2: 0.51; Size 3: 0.43; Size 4: 0.43; Size 5: 1.00; Size 6: 1.00,<=30min: 77.8%; <=60min: 94.4%; <=90min: 100.0%; <=120min: 100.0%; <=141min: 100.0%
Single Queue (Self-Service),Small Bistro - Balanced Layout,Distributed Arrivals with Mixed Sizes and VIPs,24,24,58,58,100.0000,83.3333,53.6096,44.7500,105.0000,6.9412,15,0.1589,0.6385,100.0000,100.0000,151,Size 1: 100.00%; Size 2: 100.00%; Size 3: 100.00%; Size 4: 100.00%; Size 6: 100.00%,Size 1: 33.56min; Size 2: 48.00min; Size 3: 44.67min; Size 4: 49.83min; Size 6: 99.00min,Size 1: 97.00min; Size 2: 76.00min; Size 3: 77.00min; Size 4: 105.00min; Size 6: 99.00min,Size 1: 0.53; Size 2: 0.74; Size 3: 0.65; Size 4: 0.69; Size 6: 1.00,<=30min: 33.3%; <=60min: 70.8%; <=90min: 87.5%; <=120min: 100.0%; <=150min: 100.0%; <=151min: 100.0%
Single Queue (Self-Service),Small Bistro - Balanced Layout,Many 1 Person Groups Preferring 4-Person Tables,24,24,55,55,100.0000,81.8841,42.4901,44.9167,119.0000,6.8696,15,0.1558,0.6353,100.0000,100.0000,154,Size 1: 100.00%; Size 2: 100.00%; Size 3: 100.00%; Size 4: 100.00%; Size 6: 100.00%,Size 1: 24.73min; Size 2: 58.50min; Size 3: 69.00min; Size 4: 52.50min; Size 6: 119.00min,Size 1: 87.00min; Size 2: 75.00min; Size 3: 77.00min; Size 4: 95.00min; Size 6: 119.00min,Size 1: 0.44; Size 2: 0.94; Size 3: 0.99; Size 4: 0.74; Size 6: 1.00,<=30min: 33.3%; <=60min: 66.7%; <=90min: 91.7%; <=120min: 100.0%; <=150min: 100.0%; <=154min: 100.0%
Single Queue (Self-Service),Small Bistro - Large Table Heavy Layout,Light Traffic,16,16,45,45,100.0000,68.7500,45.8333,5.0000,25.0000,0.9375,4,0.1060,0.2857,100.0000,100.0000,151,Size 1: 100.00%; Size 2: 100.00%; Size 3: 100.00%; Size 4: 100.00%; Size 5: 100.00%; Size 6: 100.00%,Size 1: 0.00min; Size 2: 2.00min; Size 3: 1.67min; Size 4: 6.67min; Size 5: 25.00min; Size 6: 20.00min,Size 1: 0.00min; Size 2: 10.00min; Size 3: 5.00min; Size 4: 15.00min; Size 5: 25.00min; Size 6: 20.00min,Size 1: 0.00; Size 2: 0.20; Size 3: 0.33; Size 4: 0.53; Size 5: 1.00; Size 6: 1.00,<=30min: 100.0%; <=60min: 100.0%; <=90min: 100.0%; <=120min: 100.0%; <=150min: 100.0%; <=151min: 100.0%
Single Queue (Self-Service),Small Bistro - Large Table Heavy Layout,Peak Hours,24,21,72,61,87.5000,85.5738,55.3962,50.5238,115.0000,8.3770,16,0.1346,0.6459,83.3333,88.8889,156,Size 1: 75.00%; Size 2: 100.00%; Size 3: 100.00%; Size 4: 80.00%; Size 5: 100.00%; Size 6: 50.00%,Size 1: 48.67min; Size 2: 52.14min; Size 3: 53.75min; Size 4: 45.75min; Size 5: 58.00min; Size 6: 36.00min,Size 1: 78.00min; Size 2: 115.00min; Size 3: 99.00min; Size 4: 95.00min; Size 5: 82.00min; Size 6: 36.00min,Size 1: 0.66; Size 2: 0.61; Size 3: 0.66; Size 4: 0.59; Size 5: 0.85; Size 6: 1.00,<=30min: 33.3%; <=60min: 52.4%; <=90min: 81.0%; <=120min: 100.0%; <=150min: 100.0%; <=156min: 100.0%
Single Queue (Self-Service),Small Bistro - Large Table Heavy Layout,Mixed VIP Flow,20,20,63,63,100.0000,83.8596,56.2865,34.3500,85.0000,4.8772,12,0.1307,0.6019,100.0000,100.0000,153,Size 1: 100.00%; Size 2: 100.00%; Size 3: 100.00%; Size 4: 100.00%; Size 5: 100.00%; Size 6: 100.00%,Size 1: 37.50min; Size 2: 24.71min; Size 3: 37.33min; Size 4: 27.00min; Size 5: 58.00min; Size 6: 51.50min,Size 1: 68.00min; Size 2: 69.00min; Size 3: 66.00min; Size 4: 70.00min; Size 5: 85.00min; Size 6: 63.00min,Size 1: 0.60; Size 2: 0.47; Size 3: 0.77; Size 4: 0.46; Size 5: 0.82; Size 6: 0.95,<=30min: 45.0%; <=60min: 70.0%; <=90min: 100.0%; <=120min: 100.0%; <=150min: 100.0%; <=153min: 100.0%
Single Queue (Self-Service),Small Bistro - Large Table Heavy Layout,Distributed Arrivals with Mixed Sizes and VIPs,24,21,58,51,87.5000,85.5738,41.8716,50.9048,114.0000,8.3770,16,0.1373,0.6474,83.3333,88.8889,153,Size 1: 88.89%; Size 2: 80.00%; Size 3: 100.00%; Size 4: 83.33%; Size 6: 100.00%,Size 1: 36.25min; Size 2: 57.75min; Size 3: 69.67min; Size 4: 47.60min; Size 6: 101.00min,Size 1: 80.00min; Size 2: 101.00min; Size 3: 114.00min; Size 4: 98.00min; Size 6: 101.00min,Size 1: 0.56; Size 2: 0.71; Size 3: 0.76; Size 4: 0.67; Size 6: 1.00,<=30min: 28.6%; <=60min: 52.4%; <=90min: 81.0%; <=120min: 100.0%; <=150min: 100.0%; <=153min: 100.0%
Single Queue (Self-Service),Small Bistro - Large Table Heavy Layout,Many 1 Person Groups Preferring 4-Person Tables,24,21,55,48,87.5000,85.5738,33.1284,50.9048,114.0000,8.3770,16,0.1373,0.6474,83.3333,88.8889,153,Size 1: 90.91%; Size 2: 75.00%; Size 3: 100.00%; Size 4: 83.33%; Size 6: 100.00%,Size 1: 26.60min; Size 2: 77.00min; Size 3: 95.00min; Size 4: 56.20min; Size 6: 101.00min,Size 1: 80.00min; Size 2: 101.00min; Size 3: 114.00min; Size 4: 98.00min; Size 6: 101.00min,Size 1: 0.50; Size 2: 0.94; Size 3: 0.96; Size 4: 0.72; Size 6: 1.00,<=30min: 28.6%; <=60min: 52.4%; <=90min: 81.0%; <=120min: 100.0%; <=150min: 100.0%; <=153min: 100.0%
Single Queue (Self-Service),Medium Diner - Standard Layout,Light Traffic,16,16,45,45,100.0000,40.2083,33.3882,0.0000,0.0000,0.3333,1,0.1270,0.0000,100.0000,100.0000,126,Size 1: 100.00%; Size 2: 100.00%; Size 3: 100.00%; Size 4: 100.00%; Size 5: 100.00%; Size 6: 100.00%,Size 1: 0.00min; Size 2: 0.00min; Size 3: 0.00min; Size 4: 0.00min; Size 5: 0.00min; Size 6: 0.00min,Size 1: 0.00min; Size 2: 0.00min; Size 3: 0.00min; Size 4: 0.00min; Size 5: 0.00min; Size 6: 0.00min,Size 1: 0.00; Size 2: 0.00; Size 3: 0.00; Size 4: 0.00; Size 5: 1.00; Size 6: 1.00,<=30min: 100.0%; <=60min: 100.0%; <=90min: 100.0%; <=120min: 100.0%; <=126min: 100.0%
Single Queue (Self-Service),Medium Diner - Standard Layout,Peak Hours,24,24,72,72,100.0000,75.4167,65.1681,15.1250,50.0000,3.7917,11,0.1600,0.5169,100.0000,100.0000,150,Size 1: 100.00%; Size 2: 100.00%; Size 3: 100.00%; Size 4: 100.00%; Size 5: 100.00%; Size 6: 100.00%,Size 1: 17.25min; Size 2: 10.71min; Size 3: 14.00min; Size 4: 15.60min; Size 5: 17.50min; Size 6: 25.00min,Size 1: 27.00min; Size 2: 24.00min; Size 3: 32.00min; Size 4: 35.00min; Size 5: 35.00min; Size 6: 50.00min,Size 1: 0.74; Size 2: 0.53; Size 3: 0.49; Size 4: 0.56; Size 5: 0.50; Size 6: 0.50,<=30min: 83.3%; <=60min: 100.0%; <=90min: 100.0%; <=120min: 100.0%; <=150min: 100.0%
Single Queue (Self-Service),Medium Diner - Standard Layout,Mixed VIP Flow,20,20,63,63,100.0000,67.5000,58.2456,5.1500,32.0000,1.7000,5,0.1587,0.2522,100.0000,100.0000,126,Size 1: 100.00%; Size 2: 100.00%; Size 3: 100.00%; Size 4: 100.00%; Size 5: 100.00%; Size 6: 100.00%,Size 1: 0.00min; Size 2: 0.43min; Size 3: 9.00min; Size 4: 5.25min; Size 5: 10.00min; Size 6: 16.00min,Size 1: 0.00min; Size 2: 3.00min; Size 3: 17.00min; Size 4: 16.00min; Size 5: 20.00min; Size 6: 32.00min,Size 1: 0.00; Size 2: 0.14; Size 3: 0.62; Size 4: 0.39; Size 5: 0.50; Size 6: 0.50,<=30min: 95.0%; <=60min: 100.0%; <=90min: 100.0%; <=120min: 100.0%; <=126min: 100.0%
Single Queue (Self-Service),Medium Diner - Standard Layout,Distributed Arrivals with Mixed Sizes and VIPs,24,24,58,58,100.0000,75.0000,46.8933,15.0417,50.0000,3.7917,10,0.1600,0.5090,100.0000,100.0000,150,Size 1: 100.00%; Size 2: 100.00%; Size 3: 100.00%; Size 4: 100.00%; Size 6: 100.00%,Size 1: 10.44min; Size 2: 16.20min; Size 3: 16.33min; Size 4: 14.50min; Size 6: 50.00min,Size 1: 27.00min; Size 2: 28.00min; Size 3: 25.00min; Size 4: 43.00min; Size 6: 50.00min,Size 1: 0.44; Size 2: 0.70; Size 3: 0.67; Size 4: 0.44; Size 6: 1.00,<=30min: 91.7%; <=60min: 100.0%; <=90min: 100.0%; <=120min: 100.0%; <=150min: 100.0%
Single Queue (Self-Service),Medium Diner - Standard Layout,Many 1 Person Groups Preferring 4-Person Tables,24,24,55,55,100.0000,75.2778,39.1082,14.8750,46.0000,3.7778,10,0.1644,0.5163,100.0000,100.0000,146,Size 1: 100.00%; Size 2: 100.00%; Size 3: 100.00%; Size 4: 100.00%; Size 6: 100.00%,Size 1: 6.36min; Size 2: 20.25min; Size 3: 24.50min; Size 4: 18.50min; Size 6: 46.00min,Size 1: 27.00min; Size 2: 28.00min; Size 3: 25.00min; Size 4: 43.00min; Size 6: 46.00min,Size 1: 0.27; Size 2: 0.88; Size 3: 1.00; Size 4: 0.60; Size 6: 1.00,<=30min: 91.7%; <=60min: 100.0%; <=90min: 100.0%; <=120min: 100.0%; <=146min: 100.0%
Single Queue (Self-Service),Family Restaurant,Light Traffic,16,16,45,45,100.0000,44.6759,28.8352,0.0000,0.0000,0.3333,1,0.1270,0.0000,100.0000,100.0000,126,Size 1: 100.00%; Size 2: 100.00%; Size 3: 100.00%; Size 4: 100.00%; Size 5: 100.00%; Size 6: 100.00%,Size 1: 0.00min; Size 2: 0.00min; Size 3: 0.00min; Size 4: 0.00min; Size 5: 0.00min; Size 6: 0.00min,Size 1: 0.00min; Size 2: 0.00min; Size 3: 0.00min; Size 4: 0.00min; Size 5: 0.00min; Size 6: 0.00min,Size 1: 0.00; Size 2: 0.00; Size 3: 0.00; Size 4: 0.00; Size 5: 1.00; Size 6: 1.00,<=30min: 100.0%; <=60min: 100.0%; <=90min: 100.0%; <=120min: 100.0%; <=126min: 100.0%
Single Queue (Self-Service),Family Restaurant,Peak Hours,24,24,72,72,100.0000,77.0062,53.5038,20.0000,45.0000,4.3889,12,0.1739,0.5735,100.0000,100.0000,138,Size 1: 100.00%; Size 2: 100.00%; Size 3: 100.00%; Size 4: 100.00%; Size 5: 100.00%; Size 6: 100.00%,Size 1: 24.00min; Size 2: 18.71min; Size 3: 20.25min; Size 4: 20.20min; Size 5: 17.50min; Size 6: 18.00min,Size 1: 42.00min; Size 2: 44.00min; Size 3: 42.00min; Size 4: 45.00min; Size 5: 35.00min; Size 6: 36.00min,Size 1: 0.70; Size 2: 0.53; Size 3: 0.63; Size 4: 0.55; Size 5: 0.50; Size 6: 0.50,<=30min: 62.5%; <=60min: 100.0%; <=90min: 100.0%; <=120min: 100.0%; <=138min: 100.0%
Single Queue (Self-Service),Family Restaurant,Mixed VIP Flow,20,20,63,63,100.0000,72.0370,50.0758,6.7500,22.0000,2.0333,7,0.1709,0.4201,100.0000,100.0000,117,Size 1: 100.00%; Size 2: 100.00%; Size 3: 100.00%; Size 4: 100.00%; Size 5: 100.00%; Size 6: 100.00%,Size 1: 7.00min; Size 2: 5.57min; Size 3: 4.33min; Size 4: 9.25min; Size 5: 10.00min; Size 6: 6.00min,Size 1: 9.00min; Size 2: 22.00min; Size 3: 10.00min; Size 4: 21.00min; Size 5: 20.00min; Size 6: 12.00min,Size 1: 0.92; Size 2: 0.30; Size 3: 0.52; Size 4: 0.49; Size 5: 0.50; Size 6: 0.50,<=30min: 100.0%; <=60min: 100.0%; <=90min: 100.0%; <=117min: 100.0%
Single Queue (Self-Service),Family Restaurant,Distributed Arrivals with Mixed Sizes and VIPs,24,24,58,58,100.0000,77.1605,38.4785,19.5417,45.0000,4.3611,11,0.1727,0.5671,100.0000,100.0000,139,Size 1: 100.00%; Size 2: 100.00%; Size 3: 100.00%; Size 4: 100.00%; Size 6: 100.00%,Size 1: 15.56min; Size 2: 24.20min; Size 3: 22.67min; Size 4: 16.83min; Size 6: 39.00min,Size 1: 43.00min; Size 2: 44.00min; Size 3: 42.00min; Size 4: 45.00min; Size 6: 39.00min,Size 1: 0.48; Size 2: 0.74; Size 3: 0.63; Size 4: 0.46; Size 6: 1.00,<=30min: 62.5%; <=60min: 100.0%; <=90min: 100.0%; <=120min: 100.0%; <=139min: 100.0%
Single Queue (Self-Service),Family Restaurant,Many 1 Person Groups Preferring 4-Person Tables,24,24,55,55,100.0000,77.1605,32.0707,19.5417,50.0000,4.3611,11,0.1727,0.5624,100.0000,100.0000,139,Size 1: 100.00%; Size 2: 100.00%; Size 3: 100.00%; Size 4: 100.00%; Size 6: 100.00%,Size 1: 10.45min; Size 2: 29.50min; Size 3: 30.50min; Size 4: 23.50min; Size 6: 34.00min,Size 1: 50.00min; Size 2: 44.00min; Size 3: 35.00min; Size 4: 46.00min; Size 6: 34.00min,Size 1: 0.29; Size 2: 0.88; Size 3: 0.98; Size 4: 0.64; Size 6: 1.00,<=30min: 62.5%; <=60min: 100.0%; <=90min: 100.0%; <=120min: 100.0%; <=139min: 100.0%
Single Queue (Self-Service),Dim Sum Hall,Light Traffic,16,16,45,45,100.0000,33.5069,18.1250,0.0000,0.0000,0.3333,1,0.1270,0.0000,100.0000,100.0000,126,Size 1: 100.00%; Size 2: 100.00%; Size 3: 100.00%; Size 4: 100.00%; Size 5: 100.00%; Size 6: 100.00%,Size 1: 0.00min; Size 2: 0.00min; Size 3: 0.00min; Size 4: 0.00min; Size 5: 0.00min; Size 6: 0.00min,Size 1: 0.00min; Size 2: 0.00min; Size 3: 0.00min; Size 4: 0.00min; Size 5: 0.00min; Size 6: 0.00min,Size 1: 0.00; Size 2: 0.00; Size 3: 0.00; Size 4: 0.00; Size 5: 1.00; Size 6: 1.00,<=30min: 100.0%; <=60min: 100.0%; <=90min: 100.0%; <=120min: 100.0%; <=126min: 100.0%
Single Queue (Self-Service),Dim Sum Hall,Peak Hours,24,24,72,72,100.0000,71.8750,40.9127,7.9583,21.0000,2.6250,9,0.2017,0.4624,100.0000,100.0000,119,Size 1: 100.00%; Size 2: 100.00%; Size 3: 100.00%; Size 4: 100.00%; Size 5: 100.00%; Size 6: 100.00%,Size 1: 7.50min; Size 2: 5.43min; Size 3: 8.25min; Size 4: 11.40min; Size 5: 7.00min; Size 6: 9.50min,Size 1: 20.00min; Size 2: 18.00min; Size 3: 17.00min; Size 4: 21.00min; Size 5: 14.00min; Size 6: 19.00min,Size 1: 0.45; Size 2: 0.35; Size 3: 0.50; Size 4: 0.60; Size 5: 0.50; Size 6: 0.50,<=30min: 100.0%; <=60min: 100.0%; <=90min: 100.0%; <=119min: 100.0%
Single Queue (Self-Service),Dim Sum Hall,Mixed VIP Flow,20,20,63,63,100.0000,64.8611,37.8333,1.5500,13.0000,0.7333,3,0.1835,0.1855,100.0000,100.0000,109,Size 1: 100.00%; Size 2: 100.00%; Size 3: 100.00%; Size 4: 100.00%; Size 5: 100.00%; Size 6: 100.00%,Size 1: 3.00min; Size 2: 0.29min; Size 3: 1.67min; Size 4: 1.25min; Size 5: 6.50min; Size 6: 0.00min,Size 1: 6.00min; Size 2: 2.00min; Size 3: 5.00min; Size 4: 5.00min; Size 5: 13.00min; Size 6: 0.00min,Size 1: 0.50; Size 2: 0.14; Size 3: 0.33; Size 4: 0.25; Size 5: 0.50; Size 6: 0.00,<=30min: 100.0%; <=60min: 100.0%; <=90min: 100.0%; <=109min: 100.0%
Single Queue (Self-Service),Dim Sum Hall,Distributed Arrivals with Mixed Sizes and VIPs,24,24,58,58,100.0000,71.7593,29.7421,7.7917,22.0000,2.6111,8,0.2017,0.4563,100.0000,100.0000,119,Size 1: 100.00%; Size 2: 100.00%; Size 3: 100.00%; Size 4: 100.00%; Size 6: 100.00%,Size 1: 5.11min; Size 2: 7.20min; Size 3: 10.33min; Size 4: 9.17min; Size 6: 19.00min,Size 1: 22.00min; Size 2: 17.00min; Size 3: 17.00min; Size 4: 21.00min; Size 6: 19.00min,Size 1: 0.30; Size 2: 0.47; Size 3: 0.66; Size 4: 0.49; Size 6: 1.00,<=30min: 100.0%; <=60min: 100.0%; <=90min: 100.0%; <=119min: 100.0%
Single Queue (Self-Service),Dim Sum Hall,Many 1 Person Groups Preferring 4-Person Tables,24,24,55,55,100.0000,71.5278,25.0794,8.2500,26.0000,2.6250,8,0.2017,0.4488,100.0000,100.0000,119,Size 1: 100.00%; Size 2: 100.00%; Size 3: 100.00%; Size 4: 100.00%; Size 6: 100.00%,Size 1: 3.09min; Size 2: 12.75min; Size 3: 15.50min; Size 4: 10.50min; Size 6: 19.00min,Size 1: 22.00min; Size 2: 23.00min; Size 3: 17.00min; Size 4: 26.00min; Size 6: 19.00min,Size 1: 0.17; Size 2: 0.71; Size 3: 0.99; Size 4: 0.53; Size 6: 1.00,<=30min: 100.0%; <=60min: 100.0%; <=90min: 100.0%; <=119min: 100.0%
Single Queue (Self-Service),Large Banquet Hall,Light Traffic,16,16,45,45,100.0000,30.9295,12.9464,0.0000,0.0000,0.3333,1,0.1270,0.0000,100.0000,100.0000,126,Size 1: 100.00%; Size 2: 100.00%; Size 3: 100.00%; Size 4: 100.00%; Size 5: 100.00%; Size 6: 100.00%,Size 1: 0.00min; Size 2: 0.00min; Size 3: 0.00min; Size 4: 0.00min; Size 5: 0.00min; Size 6: 0.00min,Size 1: 0.00min; Size 2: 0.00min; Size 3: 0.00min; Size 4: 0.00min; Size 5: 0.00min; Size 6: 0.00min,Size 1: 0.00; Size 2: 0.00; Size 3: 0.00; Size 4: 0.00; Size 5: 1.00; Size 6: 1.00,<=30min: 100.0%; <=60min: 100.0%; <=90min: 100.0%; <=120min: 100.0%; <=126min: 100.0%
Single Queue (Self-Service),Large Banquet Hall,Peak Hours,24,24,72,72,100.0000,70.0855,31.2075,6.1667,18.0000,2.1528,8,0.2069,0.4261,100.0000,100.0000,116,Size 1: 100.00%; Size 2: 100.00%; Size 3: 100.00%; Size 4: 100.00%; Size 5: 100.00%; Size 6: 100.00%,Size 1: 7.50min; Size 2: 5.00min; Size 3: 7.25min; Size 4: 5.20min; Size 5: 6.00min; Size 6: 8.00min,Size 1: 18.00min; Size 2: 16.00min; Size 3: 15.00min; Size 4: 16.00min; Size 5: 12.00min; Size 6: 16.00min,Size 1: 0.48; Size 2: 0.35; Size 3: 0.50; Size 4: 0.38; Size 5: 0.50; Size 6: 0.50,<=30min: 100.0%; <=60min: 100.0%; <=90min: 100.0%; <=116min: 100.0%
Single Queue (Self-Service),Large Banquet Hall,Mixed VIP Flow,20,20,63,63,100.0000,61.9231,27.8401,0.4000,3.0000,0.5000,2,0.2020,0.1455,100.0000,100.0000,99,Size 1: 100.00%; Size 2: 100.00%; Size 3: 100.00%; Size 4: 100.00%; Size 5: 100.00%; Size 6: 100.00%,Size 1: 1.50min; Size 2: 0.29min; Size 3: 0.00min; Size 4: 0.75min; Size 5: 0.00min; Size 6: 0.00min,Size 1: 3.00min; Size 2: 2.00min; Size 3: 0.00min; Size 4: 3.00min; Size 5: 0.00min; Size 6: 0.00min,Size 1: 0.50; Size 2: 0.14; Size 3: 0.00; Size 4: 0.25; Size 5: 0.00; Size 6: 0.00,<=30min: 100.0%; <=60min: 100.0%; <=90min: 100.0%; <=99min: 100.0%
Single Queue (Self-Service),Large Banquet Hall,Distributed Arrivals with Mixed Sizes and VIPs,24,24,58,58,100.0000,69.9786,22.7183,5.9167,18.0000,2.1389,7,0.2069,0.4184,100.0000,100.0000,116,Size 1: 100.00%; Size 2: 100.00%; Size 3: 100.00%; Size 4: 100.00%; Size 6: 100.00%,Size 1: 4.44min; Size 2: 6.80min; Size 3: 9.00min; Size 4: 4.17min; Size 6: 16.00min,Size 1: 18.00min; Size 2: 16.00min; Size 3: 15.00min; Size 4: 15.00min; Size 6: 16.00min,Size 1: 0.31; Size 2: 0.47; Size 3: 0.66; Size 4: 0.32; Size 6: 1.00,<=30min: 100.0%; <=60min: 100.0%; <=90min: 100.0%; <=116min: 100.0%
Single Queue (Self-Service),Large Banquet Hall,Many 1 Person Groups Preferring 4-Person Tables,24,24,55,55,100.0000,69.9786,19.2035,5.9167,18.0000,2.1389,7,0.2069,0.4184,100.0000,100.0000,116,Size 1: 100.00%; Size 2: 100.00%; Size 3: 100.00%; Size 4: 100.00%; Size 6: 100.00%,Size 1: 2.55min; Size 2: 8.50min; Size 3: 13.50min; Size 4: 6.17min; Size 6: 16.00min,Size 1: 18.00min; Size 2: 16.00min; Size 3: 15.00min; Size 4: 15.00min; Size 6: 16.00min,Size 1: 0.17; Size 2: 0.59; Size 3: 0.99; Size 4: 0.49; Size 6: 1.00,<=30min: 100.0%; <=60min: 100.0%; <=90min: 100.0%; <=116min: 100.0%
Single Queue (Self-Service),Small-Table Heavy Layout,Light Traffic,16,14,45,34,87.5000,37.2159,37.6136,1.7857,20.0000,1.5455,4,0.0959,0.1050,75.0000,91.6667,146,Size 1: 100.00%; Size 2: 100.00%; Size 3: 100.00%; Size 4: 100.00%; Size 5: 0.00%; Size 6: 0.00%,Size 1: 0.00min; Size 2: 0.00min; Size 3: 1.67min; Size 4: 6.67min; Size 5: N/A; Size 6: N/A,Size 1: 0.00min; Size 2: 0.00min; Size 3: 5.00min; Size 4: 20.00min; Size 5: N/A; Size 6: N/A,Size 1: 0.00; Size 2: 0.00; Size 3: 0.33; Size 4: 0.33; Size 5: N/A; Size 6: N/A,<=30min: 100.0%; <=60min: 100.0%; <=90min: 100.0%; <=120min: 100.0%; <=146min: 100.0%
Single Queue (Self-Service),Small-Table Heavy Layout,Peak Hours,24,18,72,43,75.0000,67.4569,62.9310,19.7778,105.0000,6.8103,13,0.1304,0.2699,83.3333,72.2222,138,Size 1: 100.00%; Size 2: 100.00%; Size 3: 75.00%; Size 4: 80.00%; Size 5: 0.00%; Size 6: 0.00%,Size 1: 2.50min; Size 2: 1.43min; Size 3: 40.33min; Size 4: 53.75min; Size 5: N/A; Size 6: N/A,Size 1: 10.00min; Size 2: 4.00min; Size 3: 84.00min; Size 4: 105.00min; Size 5: N/A; Size 6: N/A,Size 1: 0.25; Size 2: 0.40; Size 3: 0.58; Size 4: 0.66; Size 5: N/A; Size 6: N/A,<=30min: 72.2%; <=60min: 83.3%; <=90min: 94.4%; <=120min: 100.0%; <=138min: 100.0%
Single Queue (Self-Service),Small-Table Heavy Layout,Mixed VIP Flow,20,16,63,41,80.0000,55.1471,55.5882,15.8750,85.0000,4.6471,9,0.1212,0.2700,83.3333,78.5714,132,Size 1: 100.00%; Size 2: 100.00%; Size 3: 100.00%; Size 4: 100.00%; Size 5: 0.00%; Size 6: 0.00%,Size 1: 0.00min; Size 2: 0.00min; Size 3: 38.33min; Size 4: 34.75min; Size 5: N/A; Size 6: N/A,Size 1: 0.00min; Size 2: 0.00min; Size 3: 50.00min; Size 4: 85.00min; Size 5: N/A; Size 6: N/A,Size 1: 0.00; Size 2: 0.00; Size 3: 0.92; Size 4: 0.48; Size 5: N/A; Size 6: N/A,<=30min: 75.0%; <=60min: 93.8%; <=90min: 100.0%; <=120min: 100.0%; <=132min: 100.0%
Single Queue (Self-Service),Small-Table Heavy Layout,Distributed Arrivals with Mixed Sizes and VIPs,24,21,58,45,87.5000,71.2891,53.0469,26.6667,114.0000,6.3750,13,0.1469,0.3716,83.3333,88.8889,143,Size 1: 100.00%; Size 2: 100.00%; Size 3: 66.67%; Size 4: 83.33%; Size 6: 0.00%,Size 1: 7.67min; Size 2: 10.00min; Size 3: 73.00min; Size 4: 59.00min; Size 6: N/A,Size 1: 23.00min; Size 2: 18.00min; Size 3: 114.00min; Size 4: 110.00min; Size 6: N/A,Size 1: 0.40; Size 2: 0.60; Size 3: 0.76; Size 4: 0.73; Size 6: N/A,<=30min: 71.4%; <=60min: 81.0%; <=90min: 90.5%; <=120min: 100.0%; <=143min: 100.0%
Single Queue (Self-Service),Small-Table Heavy Layout,Many 1 Person Groups Preferring 4-Person Tables,24,21,55,42,87.5000,73.0469,45.3906,27.2381,100.0000,6.7969,14,0.1579,0.4965,83.3333,88.8889,133,Size 1: 100.00%; Size 2: 100.00%; Size 3: 50.00%; Size 4: 83.33%; Size 6: 0.00%,Size 1: 8.36min; Size 2: 29.25min; Size 3: 56.00min; Size 4: 61.40min; Size 6: N/A,Size 1: 33.00min; Size 2: 32.00min; Size 3: 56.00min; Size 4: 100.00min; Size 6: N/A,Size 1: 0.27; Size 2: 0.99; Size 3: 1.00; Size 4: 0.86; Size 6: N/A,<=30min: 57.1%; <=60min: 90.5%; <=90min: 95.2%; <=120min: 100.0%; <=133min: 100.0%
Group-Size Based Queue,Compact Cafe,Light Traffic,16,14,45,34,87.5000,49.6212,47.0170,1.7857,20.0000,1.5455,4,0.0959,0.1050,75.0000,91.6667,146,Size 1: 100.00%; Size 2: 100.00%; Size 3: 100.00%; Size 4: 100.00%; Size 5: 0.00%; Size 6: 0.00%,Size 1: 0.00min; Size 2: 0.00min; Size 3: 1.67min; Size 4: 6.67min; Size 5: N/A; Size 6: N/A,Size 1: 0.00min; Size 2: 0.00min; Size 3: 5.00min; Size 4: 20.00min; Size 5: N/A; Size 6: N/A,Size 1: 0.00; Size 2: 0.00; Size 3: 0.33; Size 4: 0.33; Size 5: N/A; Size 6: N/A,<=30min: 100.0%; <=60min: 100.0%; <=90min: 100.0%; <=120min: 100.0%; <=146min: 100.0%
Group-Size Based Queue,Compact Cafe,Peak Hours,24,19,72,46,79.1667,73.6111,67.8125,28.2632,103.0000,7.9167,15,0.1377,0.4394,83.3333,77.7778,138,Size 1: 100.00%; Size 2: 100.00%; Size 3: 100.00%; Size 4: 80.00%; Size 5: 0.00%; Size 6: 0.00%,Size 1: 13.50min; Size 2: 10.71min; Size 3: 50.00min; Size 4: 52.00min; Size 5: N/A; Size 6: N/A,Size 1: 22.00min; Size 2: 24.00min; Size 3: 99.00min; Size 4: 103.00min; Size 5: N/A; Size 6: N/A,Size 1: 0.71; Size 2: 0.53; Size 3: 0.65; Size 4: 0.65; Size 5: N/A; Size 6: N/A,<=30min: 68.4%; <=60min: 78.9%; <=90min: 89.5%; <=120min: 100.0%; <=138min: 100.0%
Group-Size Based Queue,Compact Cafe,Mixed VIP Flow,20,16,63,41,80.0000,67.6471,65.8088,16.8750,85.0000,5.0588,11,0.1212,0.3032,83.3333,78.5714,132,Size 1: 100.00%; Size 2: 100.00%; Size 3: 100.00%; Size 4: 100.00%; Size 5: 0.00%; Size 6: 0.00%,Size 1: 6.50min; Size 2: 0.43min; Size 3: 38.33min; Size 4: 34.75min; Size 5: N/A; Size 6: N/A,Size 1: 8.00min; Size 2: 2.00min; Size 3: 50.00min; Size 4: 85.00min; Size 5: N/A; Size 6: N/A,Size 1: 0.95; Size 2: 0.26; Size 3: 0.92; Size 4: 0.48; Size 5: N/A; Size 6: N/A,<=30min: 75.0%; <=60min: 93.8%; <=90min: 100.0%; <=120min: 100.0%; <=132min: 100.0%
Group-Size Based Queue,Compact Cafe,Distributed Arrivals with Mixed Sizes and VIPs,24,22,58,48,91.6667,79.0404,62.6894,36.1818,105.0000,7.2879,15,0.1528,0.6015,83.3333,94.4444,144,Size 1: 100.00%; Size 2: 100.00%; Size 3: 100.00%; Size 4: 83.33%; Size 6: 0.00%,Size 1: 24.67min; Size 2: 34.80min; Size 3: 59.00min; Size 4: 44.60min; Size 6: N/A,Size 1: 57.00min; Size 2: 60.00min; Size 3: 105.00min; Size 4: 90.00min; Size 6: N/A,Size 1: 0.59; Size 2: 0.74; Size 3: 0.64; Size 4: 0.70; Size 6: N/A,<=30min: 45.5%; <=60min: 86.4%; <=90min: 95.5%; <=120min: 100.0%; <=144min: 100.0%
Group-Size Based Queue,Compact Cafe,Many 1 Person Groups Preferring 4-Person Tables,24,23,55,49,95.8333,81.6176,63.0515,38.7391,81.0000,6.8382,14,0.1503,0.6189,83.3333,100.0000,153,Size 1: 100.00%; Size 2: 100.00%; Size 3: 100.00%; Size 4: 100.00%; Size 6: 0.00%,Size 1: 30.73min; Size 2: 70.25min; Size 3: 45.50min; Size 4: 30.17min; Size 6: N/A,Size 1: 75.00min; Size 2: 77.00min; Size 3: 79.00min; Size 4: 81.00min; Size 6: N/A,Size 1: 0.56; Size 2: 1.00; Size 3: 0.65; Size 4: 0.49; Size 6: N/A,<=30min: 34.8%; <=60min: 60.9%; <=90min: 100.0%; <=120min: 100.0%; <=150min: 100.0%; <=153min: 100.0%
Group-Size Based Queue,Small Bistro - Balanced Layout,Light Traffic,16,16,45,45,100.0000,59.7222,52.9356,2.1875,10.0000,0.7708,3,0.1176,0.2356,100.0000,100.0000,136,Size 1: 100.00%; Size 2: 100.00%; Size 3: 100.00%; Size 4: 100.00%; Size 5: 100.00%; Size 6: 100.00%,Size 1: 0.00min; Size 2: 5.00min; Size 3: 0.00min; Size 4: 0.00min; Size 5: 10.00min; Size 6: 0.00min,Size 1: 0.00min; Size 2: 10.00min; Size 3: 0.00min; Size 4: 0.00min; Size 5: 10.00min; Size 6: 0.00min,Size 1: 0.00; Size 2: 0.56; Size 3: 0.00; Size 4: 0.00; Size 5: 1.00; Size 6: 1.00,<=30min: 100.0%; <=60min: 100.0%; <=90min: 100.0%; <=120min: 100.0%; <=136min: 100.0%
Group-Size Based Queue,Small Bistro - Balanced Layout,Peak Hours,24,23,72,66,95.8333,80.8458,72.9986,43.3913,105.0000,7.1940,16,0.1447,0.6357,83.3333,100.0000,159,Size 1: 100.00%; Size 2: 100.00%; Size 3: 100.00%; Size 4: 100.00%; Size 5: 100.00%; Size 6: 50.00%,Size 1: 55.75min; Size 2: 46.71min; Size 3: 34.50min; Size 4: 33.20min; Size 5: 47.50min; Size 6: 49.00min,Size 1: 105.00min; Size 2: 84.00min; Size 3: 59.00min; Size 4: 78.00min; Size 5: 95.00min; Size 6: 49.00min,Size 1: 0.69; Size 2: 0.71; Size 3: 0.72; Size 4: 0.53; Size 5: 0.50; Size 6: 1.00,<=30min: 39.1%; <=60min: 69.6%; <=90min: 91.3%; <=120min: 100.0%; <=150min: 100.0%; <=159min: 100.0%
Group-Size Based Queue,Small Bistro - Balanced Layout,Mixed VIP Flow,20,19,63,58,95.0000,75.7310,68.7400,26.5789,82.0000,4.7544,11,0.1301,0.5361,100.0000,92.8571,146,Size 1: 100.00%; Size 2: 100.00%; Size 3: 100.00%; Size 4: 100.00%; Size 5: 50.00%; Size 6: 100.00%,Size 1: 49.50min; Size 2: 26.71min; Size 3: 10.33min; Size 4: 14.00min; Size 5: 50.00min; Size 6: 41.00min,Size 1: 64.00min; Size 2: 62.00min; Size 3: 20.00min; Size 4: 38.00min; Size 5: 50.00min; Size 6: 82.00min,Size 1: 0.92; Size 2: 0.61; Size 3: 0.61; Size 4: 0.44; Size 5: 1.00; Size 6: 0.50,<=30min: 57.9%; <=60min: 84.2%; <=90min: 100.0%; <=120min: 100.0%; <=146min: 100.0%
Group-Size Based Queue,Small Bistro - Balanced Layout,Distributed Arrivals with Mixed Sizes and VIPs,24,20,58,52,83.3333,71.8579,55.0671,46.2500,126.0000,8.3115,15,0.1307,0.5472,83.3333,83.3333,153,Size 1: 77.78%; Size 2: 60.00%; Size 3: 100.00%; Size 4: 100.00%; Size 6: 100.00%,Size 1: 54.57min; Size 2: 85.33min; Size 3: 32.33min; Size 4: 31.67min; Size 6: 0.00min,Size 1: 124.00min; Size 2: 126.00min; Size 3: 60.00min; Size 4: 71.00min; Size 6: 0.00min,Size 1: 0.58; Size 2: 0.83; Size 3: 0.63; Size 4: 0.56; Size 6: 1.00,<=30min: 45.0%; <=60min: 65.0%; <=90min: 80.0%; <=120min: 90.0%; <=150min: 100.0%; <=153min: 100.0%
Group-Size Based Queue,Small Bistro - Balanced Layout,Many 1 Person Groups Preferring 4-Person Tables,24,17,55,44,70.8333,69.9405,53.1656,37.3529,132.0000,8.8571,15,0.1141,0.4336,66.6667,72.2222,149,Size 1: 72.73%; Size 2: 0.00%; Size 3: 100.00%; Size 4: 100.00%; Size 6: 100.00%,Size 1: 61.75min; Size 2: N/A; Size 3: 20.00min; Size 4: 16.83min; Size 6: 0.00min,Size 1: 132.00min; Size 2: N/A; Size 3: 39.00min; Size 4: 56.00min; Size 6: 0.00min,Size 1: 0.63; Size 2: N/A; Size 3: 0.53; Size 4: 0.38; Size 6: 1.00,<=30min: 47.1%; <=60min: 76.5%; <=90min: 88.2%; <=120min: 88.2%; <=149min: 100.0%
Group-Size Based Queue,Small Bistro - Large Table Heavy Layout,Light Traffic,16,8,45,32,50.0000,43.1250,38.1510,0.0000,0.0000,5.7188,9,0.0635,0.0000,75.0000,41.6667,126,Size 1: 0.00%; Size 2: 0.00%; Size 3: 100.00%; Size 4: 100.00%; Size 5: 100.00%; Size 6: 100.00%,Size 1: N/A; Size 2: N/A; Size 3: 0.00min; Size 4: 0.00min; Size 5: 0.00min; Size 6: 0.00min,Size 1: N/A; Size 2: N/A; Size 3: 0.00min; Size 4: 0.00min; Size 5: 0.00min; Size 6: 0.00min,Size 1: N/A; Size 2: N/A; Size 3: 0.00; Size 4: 0.00; Size 5: 1.00; Size 6: 1.00,<=30min: 100.0%; <=60min: 100.0%; <=90min: 100.0%; <=120min: 100.0%; <=126min: 100.0%
Group-Size Based Queue,Small Bistro - Large Table Heavy Layout,Peak Hours,24,13,72,54,54.1667,77.1429,69.0476,29.1538,78.0000,10.3061,19,0.0909,0.5576,66.6667,50.0000,143,Size 1: 0.00%; Size 2: 0.00%; Size 3: 100.00%; Size 4: 100.00%; Size 5: 100.00%; Size 6: 100.00%,Size 1: N/A; Size 2: N/A; Size 3: 34.50min; Size 4: 33.20min; Size 5: 17.50min; Size 6: 20.00min,Size 1: N/A; Size 2: N/A; Size 3: 59.00min; Size 4: 78.00min; Size 5: 35.00min; Size 6: 40.00min,Size 1: N/A; Size 2: N/A; Size 3: 0.72; Size 4: 0.53; Size 5: 0.50; Size 6: 0.50,<=30min: 46.2%; <=60min: 92.3%; <=90min: 100.0%; <=120min: 100.0%; <=143min: 100.0%
Group-Size Based Queue,Small Bistro - Large Table Heavy Layout,Mixed VIP Flow,20,11,63,47,55.0000,68.5714,61.9048,12.6364,38.0000,8.1429,14,0.0821,0.4731,50.0000,57.1429,134,Size 1: 0.00%; Size 2: 0.00%; Size 3: 100.00%; Size 4: 100.00%; Size 5: 100.00%; Size 6: 100.00%,Size 1: N/A; Size 2: N/A; Size 3: 10.33min; Size 4: 14.00min; Size 5: 10.00min; Size 6: 16.00min,Size 1: N/A; Size 2: N/A; Size 3: 20.00min; Size 4: 38.00min; Size 5: 20.00min; Size 6: 32.00min,Size 1: N/A; Size 2: N/A; Size 3: 0.61; Size 4: 0.44; Size 5: 0.50; Size 6: 0.50,<=30min: 81.8%; <=60min: 100.0%; <=90min: 100.0%; <=120min: 100.0%; <=134min: 100.0%
Group-Size Based Queue,Small Bistro - Large Table Heavy Layout,Distributed Arrivals with Mixed Sizes and VIPs,24,10,58,39,41.6667,50.6977,41.3760,28.7000,71.0000,11.8372,19,0.0694,0.5243,33.3333,44.4444,144,Size 1: 0.00%; Size 2: 0.00%; Size 3: 100.00%; Size 4: 100.00%; Size 6: 100.00%,Size 1: N/A; Size 2: N/A; Size 3: 32.33min; Size 4: 31.67min; Size 6: 0.00min,Size 1: N/A; Size 2: N/A; Size 3: 60.00min; Size 4: 71.00min; Size 6: 0.00min,Size 1: N/A; Size 2: N/A; Size 3: 0.63; Size 4: 0.56; Size 6: 1.00,<=30min: 60.0%; <=60min: 80.0%; <=90min: 100.0%; <=120min: 100.0%; <=144min: 100.0%
Group-Size Based Queue,Small Bistro - Large Table Heavy Layout,Many 1 Person Groups Preferring 4-Person Tables,24,9,55,36,37.5000,47.1429,39.6825,15.6667,56.0000,11.4286,18,0.0604,0.3692,33.3333,38.8889,149,Size 1: 0.00%; Size 2: 0.00%; Size 3: 100.00%; Size 4: 100.00%; Size 6: 100.00%,Size 1: N/A; Size 2: N/A; Size 3: 20.00min; Size 4: 16.83min; Size 6: 0.00min,Size 1: N/A; Size 2: N/A; Size 3: 39.00min; Size 4: 56.00min; Size 6: 0.00min,Size 1: N/A; Size 2: N/A; Size 3: 0.53; Size 4: 0.38; Size 6: 1.00,<=30min: 66.7%; <=60min: 100.0%; <=90min: 100.0%; <=120min: 100.0%; <=149min: 100.0%
Group-Size Based Queue,Medium Diner - Standard Layout,Light Traffic,16,16,45,45,100.0000,40.2083,33.3882,0.0000,0.0000,0.3333,1,0.1270,0.0000,100.0000,100.0000,126,Size 1: 100.00%; Size 2: 100.00%; Size 3: 100.00%; Size 4: 100.00%; Size 5: 100.00%; Size 6: 100.00%,Size 1: 0.00min; Size 2: 0.00min; Size 3: 0.00min; Size 4: 0.00min; Size 5: 0.00min; Size 6: 0.00min,Size 1: 0.00min; Size 2: 0.00min; Size 3: 0.00min; Size 4: 0.00min; Size 5: 0.00min; Size 6: 0.00min,Size 1: 0.00; Size 2: 0.00; Size 3: 0.00; Size 4: 0.00; Size 5: 1.00; Size 6: 1.00,<=30min: 100.0%; <=60min: 100.0%; <=90min: 100.0%; <=120min: 100.0%; <=126min: 100.0%
Group-Size Based Queue,Medium Diner - Standard Layout,Peak Hours,24,24,72,72,100.0000,74.3056,66.0453,17.7500,50.0000,4.0139,11,0.1600,0.5180,100.0000,100.0000,150,Size 1: 100.00%; Size 2: 100.00%; Size 3: 100.00%; Size 4: 100.00%; Size 5: 100.00%; Size 6: 100.00%,Size 1: 24.25min; Size 2: 22.57min; Size 3: 10.25min; Size 4: 9.00min; Size 5: 17.50min; Size 6: 25.00min,Size 1: 43.00min; Size 2: 47.00min; Size 3: 24.00min; Size 4: 25.00min; Size 5: 35.00min; Size 6: 50.00min,Size 1: 0.70; Size 2: 0.63; Size 3: 0.49; Size 4: 0.40; Size 5: 0.50; Size 6: 0.50,<=30min: 70.8%; <=60min: 100.0%; <=90min: 100.0%; <=120min: 100.0%; <=150min: 100.0%
Group-Size Based Queue,Medium Diner - Standard Layout,Mixed VIP Flow,20,20,63,63,100.0000,66.5000,58.8158,7.5500,32.0000,1.9000,6,0.1587,0.3632,100.0000,100.0000,126,Size 1: 100.00%; Size 2: 100.00%; Size 3: 100.00%; Size 4: 100.00%; Size 5: 100.00%; Size 6: 100.00%,Size 1: 14.50min; Size 2: 8.14min; Size 3: 2.67min; Size 4: 1.25min; Size 5: 10.00min; Size 6: 16.00min,Size 1: 23.00min; Size 2: 24.00min; Size 3: 8.00min; Size 4: 5.00min; Size 5: 20.00min; Size 6: 32.00min,Size 1: 0.74; Size 2: 0.44; Size 3: 0.33; Size 4: 0.25; Size 5: 0.50; Size 6: 0.50,<=30min: 95.0%; <=60min: 100.0%; <=90min: 100.0%; <=120min: 100.0%; <=126min: 100.0%
Group-Size Based Queue,Medium Diner - Standard Layout,Distributed Arrivals with Mixed Sizes and VIPs,24,24,58,58,100.0000,59.8551,43.4783,33.5833,112.0000,5.6377,12,0.1519,0.4664,100.0000,100.0000,158,Size 1: 100.00%; Size 2: 100.00%; Size 3: 100.00%; Size 4: 100.00%; Size 6: 100.00%,Size 1: 44.56min; Size 2: 64.60min; Size 3: 12.33min; Size 4: 7.50min; Size 6: 0.00min,Size 1: 112.00min; Size 2: 95.00min; Size 3: 25.00min; Size 4: 25.00min; Size 6: 0.00min,Size 1: 0.57; Size 2: 0.84; Size 3: 0.59; Size 4: 0.33; Size 6: 1.00,<=30min: 58.3%; <=60min: 70.8%; <=90min: 87.5%; <=120min: 100.0%; <=150min: 100.0%; <=158min: 100.0%
Group-Size Based Queue,Medium Diner - Standard Layout,Many 1 Person Groups Preferring 4-Person Tables,24,21,55,50,87.5000,55.0794,37.8446,35.8095,125.0000,6.8413,12,0.1419,0.3846,83.3333,88.8889,148,Size 1: 90.91%; Size 2: 50.00%; Size 3: 100.00%; Size 4: 100.00%; Size 6: 100.00%,Size 1: 51.20min; Size 2: 107.50min; Size 3: 0.00min; Size 4: 4.17min; Size 6: 0.00min,Size 1: 125.00min; Size 2: 121.00min; Size 3: 0.00min; Size 4: 25.00min; Size 6: 0.00min,Size 1: 0.57; Size 2: 0.98; Size 3: 0.00; Size 4: 0.17; Size 6: 1.00,<=30min: 57.1%; <=60min: 71.4%; <=90min: 81.0%; <=120min: 90.5%; <=148min: 100.0%
Group-Size Based Queue,Family Restaurant,Light Traffic,16,16,45,45,100.0000,30.7329,23.0174,25.6250,105.0000,2.6383,5,0.0860,0.3496,100.0000,100.0000,186,Size 1: 100.00%; Size 2: 100.00%; Size 3: 100.00%; Size 4: 100.00%; Size 5: 100.00%; Size 6: 100.00%,Size 1: 58.33min; Size 2: 47.00min; Size 3: 0.00min; Size 4: 0.00min; Size 5: 0.00min; Size 6: 0.00min,Size 1: 95.00min; Size 2: 105.00min; Size 3: 0.00min; Size 4: 0.00min; Size 5: 0.00min; Size 6: 0.00min,Size 1: 0.81; Size 2: 0.64; Size 3: 0.00; Size 4: 0.00; Size 5: 1.00; Size 6: 1.00,<=30min: 68.8%; <=60min: 81.3%; <=90min: 87.5%; <=120min: 100.0%; <=150min: 100.0%; <=180min: 100.0%; <=186min: 100.0%
Group-Size Based Queue,Family Restaurant,Peak Hours,24,18,72,63,75.0000,61.3936,48.4977,27.0000,112.0000,7.6102,15,0.1233,0.4142,83.3333,72.2222,146,Size 1: 25.00%; Size 2: 57.14%; Size 3: 100.00%; Size 4: 100.00%; Size 5: 100.00%; Size 6: 100.00%,Size 1: 37.00min; Size 2: 64.50min; Size 3: 14.50min; Size 4: 20.80min; Size 5: 0.00min; Size 6: 14.50min,Size 1: 37.00min; Size 2: 112.00min; Size 3: 32.00min; Size 4: 53.00min; Size 5: 0.00min; Size 6: 29.00min,Size 1: 1.00; Size 2: 0.70; Size 3: 0.49; Size 4: 0.52; Size 5: 0.00; Size 6: 0.50,<=30min: 66.7%; <=60min: 88.9%; <=90min: 94.4%; <=120min: 100.0%; <=146min: 100.0%
Group-Size Based Queue,Family Restaurant,Mixed VIP Flow,20,17,63,58,85.0000,54.0881,43.9108,25.2353,115.0000,5.2075,10,0.1164,0.3198,83.3333,85.7143,146,Size 1: 50.00%; Size 2: 71.43%; Size 3: 100.00%; Size 4: 100.00%; Size 5: 100.00%; Size 6: 100.00%,Size 1: 100.00min; Size 2: 55.40min; Size 3: 3.33min; Size 4: 5.50min; Size 5: 10.00min; Size 6: 0.00min,Size 1: 100.00min; Size 2: 115.00min; Size 3: 10.00min; Size 4: 16.00min; Size 5: 20.00min; Size 6: 0.00min,Size 1: 1.00; Size 2: 0.67; Size 3: 0.33; Size 4: 0.41; Size 5: 0.50; Size 6: 0.00,<=30min: 76.5%; <=60min: 82.4%; <=90min: 88.2%; <=120min: 100.0%; <=146min: 100.0%
Group-Size Based Queue,Family Restaurant,Distributed Arrivals with Mixed Sizes and VIPs,24,15,58,45,62.5000,44.6541,30.4460,33.2000,137.0000,9.6226,16,0.1027,0.4123,66.6667,61.1111,146,Size 1: 44.44%; Size 2: 20.00%; Size 3: 100.00%; Size 4: 100.00%; Size 6: 100.00%,Size 1: 58.75min; Size 2: 103.00min; Size 3: 23.67min; Size 4: 14.83min; Size 6: 0.00min,Size 1: 137.00min; Size 2: 103.00min; Size 3: 45.00min; Size 4: 42.00min; Size 6: 0.00min,Size 1: 0.58; Size 2: 1.00; Size 3: 0.62; Size 4: 0.44; Size 6: 1.00,<=30min: 53.3%; <=60min: 86.7%; <=90min: 86.7%; <=120min: 93.3%; <=146min: 100.0%
Group-Size Based Queue,Family Restaurant,Many 1 Person Groups Preferring 4-Person Tables,24,13,55,40,54.1667,40.5896,27.5046,24.6154,128.0000,9.7347,15,0.0956,0.2908,50.0000,55.5556,136,Size 1: 36.36%; Size 2: 0.00%; Size 3: 100.00%; Size 4: 100.00%; Size 6: 100.00%,Size 1: 62.75min; Size 2: N/A; Size 3: 14.50min; Size 4: 6.67min; Size 6: 0.00min,Size 1: 128.00min; Size 2: N/A; Size 3: 29.00min; Size 4: 34.00min; Size 6: 0.00min,Size 1: 0.63; Size 2: N/A; Size 3: 0.50; Size 4: 0.22; Size 6: 1.00,<=30min: 69.2%; <=60min: 84.6%; <=90min: 92.3%; <=120min: 92.3%; <=136min: 100.0%
Group-Size Based Queue,Dim Sum Hall,Light Traffic,16,16,45,45,100.0000,30.5556,17.2619,1.5625,10.0000,0.6667,2,0.1270,0.1736,100.0000,100.0000,126,Size 1: 100.00%; Size 2: 100.00%; Size 3: 100.00%; Size 4: 100.00%; Size 5: 100.00%; Size 6: 100.00%,Size 1: 0.00min; Size 2: 5.00min; Size 3: 0.00min; Size 4: 0.00min; Size 5: 0.00min; Size 6: 0.00min,Size 1: 0.00min; Size 2: 10.00min; Size 3: 0.00min; Size 4: 0.00min; Size 5: 0.00min; Size 6: 0.00min,Size 1: 0.00; Size 2: 0.56; Size 3: 0.00; Size 4: 0.00; Size 5: 1.00; Size 6: 1.00,<=30min: 100.0%; <=60min: 100.0%; <=90min: 100.0%; <=120min: 100.0%; <=126min: 100.0%
Group-Size Based Queue,Dim Sum Hall,Peak Hours,24,24,72,72,100.0000,47.2619,29.2653,36.7917,105.0000,5.9429,14,0.1509,0.5647,100.0000,100.0000,159,Size 1: 100.00%; Size 2: 100.00%; Size 3: 100.00%; Size 4: 100.00%; Size 5: 100.00%; Size 6: 100.00%,Size 1: 55.75min; Size 2: 46.71min; Size 3: 34.50min; Size 4: 33.20min; Size 5: 0.00min; Size 6: 14.50min,Size 1: 105.00min; Size 2: 84.00min; Size 3: 59.00min; Size 4: 78.00min; Size 5: 0.00min; Size 6: 29.00min,Size 1: 0.69; Size 2: 0.71; Size 3: 0.72; Size 4: 0.53; Size 5: 0.00; Size 6: 0.50,<=30min: 50.0%; <=60min: 75.0%; <=90min: 95.8%; <=120min: 100.0%; <=150min: 100.0%; <=159min: 100.0%
Group-Size Based Queue,Dim Sum Hall,Mixed VIP Flow,20,20,63,63,100.0000,45.2778,28.2619,19.6500,64.0000,3.5833,9,0.1370,0.4763,100.0000,100.0000,146,Size 1: 100.00%; Size 2: 100.00%; Size 3: 100.00%; Size 4: 100.00%; Size 5: 100.00%; Size 6: 100.00%,Size 1: 49.50min; Size 2: 26.71min; Size 3: 10.33min; Size 4: 14.00min; Size 5: 10.00min; Size 6: 0.00min,Size 1: 64.00min; Size 2: 62.00min; Size 3: 20.00min; Size 4: 38.00min; Size 5: 20.00min; Size 6: 0.00min,Size 1: 0.92; Size 2: 0.61; Size 3: 0.61; Size 4: 0.44; Size 5: 0.50; Size 6: 0.00,<=30min: 70.0%; <=60min: 90.0%; <=90min: 100.0%; <=120min: 100.0%; <=146min: 100.0%
Group-Size Based Queue,Dim Sum Hall,Distributed Arrivals with Mixed Sizes and VIPs,24,20,58,52,83.3333,36.7486,17.8689,46.7500,126.0000,8.2623,15,0.1299,0.5499,83.3333,83.3333,154,Size 1: 77.78%; Size 2: 60.00%; Size 3: 100.00%; Size 4: 100.00%; Size 6: 100.00%,Size 1: 54.57min; Size 2: 85.33min; Size 3: 35.67min; Size 4: 31.67min; Size 6: 0.00min,Size 1: 124.00min; Size 2: 126.00min; Size 3: 70.00min; Size 4: 71.00min; Size 6: 0.00min,Size 1: 0.58; Size 2: 0.83; Size 3: 0.61; Size 4: 0.56; Size 6: 1.00,<=30min: 45.0%; <=60min: 60.0%; <=90min: 80.0%; <=120min: 90.0%; <=150min: 100.0%; <=154min: 100.0%
Group-Size Based Queue,Dim Sum Hall,Many 1 Person Groups Preferring 4-Person Tables,24,17,55,44,70.8333,35.2679,17.0153,37.3529,132.0000,8.8393,15,0.1141,0.4336,66.6667,72.2222,149,Size 1: 72.73%; Size 2: 0.00%; Size 3: 100.00%; Size 4: 100.00%; Size 6: 100.00%,Size 1: 61.75min; Size 2: N/A; Size 3: 20.00min; Size 4: 16.83min; Size 6: 0.00min,Size 1: 132.00min; Size 2: N/A; Size 3: 39.00min; Size 4: 56.00min; Size 6: 0.00min,Size 1: 0.63; Size 2: N/A; Size 3: 0.53; Size 4: 0.38; Size 6: 1.00,<=30min: 47.1%; <=60min: 76.5%; <=90min: 88.2%; <=120min: 88.2%; <=149min: 100.0%
Group-Size Based Queue,Large Banquet Hall,Light Traffic,16,8,45,32,50.0000,16.5865,9.3431,0.0000,0.0000,5.7188,9,0.0635,0.0000,75.0000,41.6667,126,Size 1: 0.00%; Size 2: 0.00%; Size 3: 100.00%; Size 4: 100.00%; Size 5: 100.00%; Size 6: 100.00%,Size 1: N/A; Size 2: N/A; Size 3: 0.00min; Size 4: 0.00min; Size 5: 0.00min; Size 6: 0.00min,Size 1: N/A; Size 2: N/A; Size 3: 0.00min; Size 4: 0.00min; Size 5: 0.00min; Size 6: 0.00min,Size 1: N/A; Size 2: N/A; Size 3: 0.00; Size 4: 0.00; Size 5: 1.00; Size 6: 1.00,<=30min: 100.0%; <=60min: 100.0%; <=90min: 100.0%; <=120min: 100.0%; <=126min: 100.0%
Group-Size Based Queue,Large Banquet Hall,Peak Hours,24,13,72,54,54.1667,31.5542,18.2007,25.6154,78.0000,9.9388,18,0.0909,0.4784,66.6667,50.0000,143,Size 1: 0.00%; Size 2: 0.00%; Size 3: 100.00%; Size 4: 100.00%; Size 5: 100.00%; Size 6: 100.00%,Size 1: N/A; Size 2: N/A; Size 3: 34.50min; Size 4: 33.20min; Size 5: 0.00min; Size 6: 14.50min,Size 1: N/A; Size 2: N/A; Size 3: 59.00min; Size 4: 78.00min; Size 5: 0.00min; Size 6: 29.00min,Size 1: N/A; Size 2: N/A; Size 3: 0.72; Size 4: 0.53; Size 5: 0.00; Size 6: 0.50,<=30min: 61.5%; <=60min: 92.3%; <=90min: 100.0%; <=120min: 100.0%; <=143min: 100.0%
Group-Size Based Queue,Large Banquet Hall,Mixed VIP Flow,20,11,63,47,55.0000,29.1209,17.2741,9.7273,38.0000,7.7857,13,0.0821,0.3871,50.0000,57.1429,134,Size 1: 0.00%; Size 2: 0.00%; Size 3: 100.00%; Size 4: 100.00%; Size 5: 100.00%; Size 6: 100.00%,Size 1: N/A; Size 2: N/A; Size 3: 10.33min; Size 4: 14.00min; Size 5: 10.00min; Size 6: 0.00min,Size 1: N/A; Size 2: N/A; Size 3: 20.00min; Size 4: 38.00min; Size 5: 20.00min; Size 6: 0.00min,Size 1: N/A; Size 2: N/A; Size 3: 0.61; Size 4: 0.44; Size 5: 0.50; Size 6: 0.00,<=30min: 90.9%; <=60min: 100.0%; <=90min: 100.0%; <=120min: 100.0%; <=134min: 100.0%
Group-Size Based Queue,Large Banquet Hall,Distributed Arrivals with Mixed Sizes and VIPs,24,10,58,39,41.6667,19.8569,10.4177,29.7000,71.0000,11.8140,19,0.0649,0.5185,33.3333,44.4444,154,Size 1: 0.00%; Size 2: 0.00%; Size 3: 100.00%; Size 4: 100.00%; Size 6: 100.00%,Size 1: N/A; Size 2: N/A; Size 3: 35.67min; Size 4: 31.67min; Size 6: 0.00min,Size 1: N/A; Size 2: N/A; Size 3: 70.00min; Size 4: 71.00min; Size 6: 0.00min,Size 1: N/A; Size 2: N/A; Size 3: 0.61; Size 4: 0.56; Size 6: 1.00,<=30min: 60.0%; <=60min: 70.0%; <=90min: 100.0%; <=120min: 100.0%; <=150min: 100.0%; <=154min: 100.0%
Group-Size Based Queue,Large Banquet Hall,Many 1 Person Groups Preferring 4-Person Tables,24,9,55,36,37.5000,18.4982,10.0097,15.6667,56.0000,11.4048,18,0.0604,0.3692,33.3333,38.8889,149,Size 1: 0.00%; Size 2: 0.00%; Size 3: 100.00%; Size 4: 100.00%; Size 6: 100.00%,Size 1: N/A; Size 2: N/A; Size 3: 20.00min; Size 4: 16.83min; Size 6: 0.00min,Size 1: N/A; Size 2: N/A; Size 3: 39.00min; Size 4: 56.00min; Size 6: 0.00min,Size 1: N/A; Size 2: N/A; Size 3: 0.53; Size 4: 0.38; Size 6: 1.00,<=30min: 66.7%; <=60min: 100.0%; <=90min: 100.0%; <=120min: 100.0%; <=149min: 100.0%
Group-Size Based Queue,Small-Table Heavy Layout,Light Traffic,16,14,45,34,87.5000,37.2159,37.6136,1.7857,20.0000,1.5455,4,0.0959,0.1050,75.0000,91.6667,146,Size 1: 100.00%; Size 2: 100.00%; Size 3: 100.00%; Size 4: 100.00%; Size 5: 0.00%; Size 6: 0.00%,Size 1: 0.00min; Size 2: 0.00min; Size 3: 1.67min; Size 4: 6.67min; Size 5: N/A; Size 6: N/A,Size 1: 0.00min; Size 2: 0.00min; Size 3: 5.00min; Size 4: 20.00min; Size 5: N/A; Size 6: N/A,Size 1: 0.00; Size 2: 0.00; Size 3: 0.33; Size 4: 0.33; Size 5: N/A; Size 6: N/A,<=30min: 100.0%; <=60min: 100.0%; <=90min: 100.0%; <=120min: 100.0%; <=146min: 100.0%
Group-Size Based Queue,Small-Table Heavy Layout,Peak Hours,24,18,72,43,75.0000,67.4569,62.9310,19.7778,105.0000,6.8103,13,0.1304,0.2699,83.3333,72.2222,138,Size 1: 100.00%; Size 2: 100.00%; Size 3: 75.00%; Size 4: 80.00%; Size 5: 0.00%; Size 6: 0.00%,Size 1: 2.50min; Size 2: 1.43min; Size 3: 40.33min; Size 4: 53.75min; Size 5: N/A; Size 6: N/A,Size 1: 10.00min; Size 2: 4.00min; Size 3: 84.00min; Size 4: 105.00min; Size 5: N/A; Size 6: N/A,Size 1: 0.25; Size 2: 0.40; Size 3: 0.58; Size 4: 0.66; Size 5: N/A; Size 6: N/A,<=30min: 72.2%; <=60min: 83.3%; <=90min: 94.4%; <=120min: 100.0%; <=138min: 100.0%
Group-Size Based Queue,Small-Table Heavy Layout,Mixed VIP Flow,20,16,63,41,80.0000,55.1471,55.5882,15.8750,85.0000,4.6471,9,0.1212,0.2700,83.3333,78.5714,132,Size 1: 100.00%; Size 2: 100.00%; Size 3: 100.00%; Size 4: 100.00%; Size 5: 0.00%; Size 6: 0.00%,Size 1: 0.00min; Size 2: 0.00min; Size 3: 38.33min; Size 4: 34.75min; Size 5: N/A; Size 6: N/A,Size 1: 0.00min; Size 2: 0.00min; Size 3: 50.00min; Size 4: 85.00min; Size 5: N/A; Size 6: N/A,Size 1: 0.00; Size 2: 0.00; Size 3: 0.92; Size 4: 0.48; Size 5: N/A; Size 6: N/A,<=30min: 75.0%; <=60min: 93.8%; <=90min: 100.0%; <=120min: 100.0%; <=132min: 100.0%
Group-Size Based Queue,Small-Table Heavy Layout,Distributed Arrivals with Mixed Sizes and VIPs,24,21,58,45,87.5000,73.8281,58.1250,24.1905,97.0000,6.2031,13,0.1641,0.4114,83.3333,88.8889,128,Size 1: 100.00%; Size 2: 100.00%; Size 3: 66.67%; Size 4: 83.33%; Size 6: 0.00%,Size 1: 10.00min; Size 2: 14.60min; Size 3: 48.50min; Size 4: 49.60min; Size 6: N/A,Size 1: 25.00min; Size 2: 24.00min; Size 3: 97.00min; Size 4: 95.00min; Size 6: N/A,Size 1: 0.44; Size 2: 0.73; Size 3: 0.50; Size 4: 0.73; Size 6: N/A,<=30min: 76.2%; <=60min: 90.5%; <=90min: 90.5%; <=120min: 100.0%; <=128min: 100.0%
Group-Size Based Queue,Small-Table Heavy Layout,Many 1 Person Groups Preferring 4-Person Tables,24,23,55,49,95.8333,75.5515,56.3235,26.4783,90.0000,5.5588,12,0.1729,0.4959,83.3333,100.0000,133,Size 1: 100.00%; Size 2: 100.00%; Size 3: 100.00%; Size 4: 100.00%; Size 6: 0.00%,Size 1: 14.82min; Size 2: 37.25min; Size 3: 51.00min; Size 4: 32.50min; Size 6: N/A,Size 1: 40.00min; Size 2: 42.00min; Size 3: 90.00min; Size 4: 90.00min; Size 6: N/A,Size 1: 0.44; Size 2: 0.99; Size 3: 0.63; Size 4: 0.48; Size 6: N/A,<=30min: 52.2%; <=60min: 91.3%; <=90min: 100.0%; <=120min: 100.0%; <=133min: 100.0%
Priority Queue (VIP First),Compact Cafe,Light Traffic,16,14,45,34,87.5000,49.6212,47.0170,1.7857,20.0000,71.1364,516,0.0959,0.1050,75.0000,91.6667,146,Size 1: 100.00%; Size 2: 100.00%; Size 3: 100.00%; Size 4: 100.00%; Size 5: 0.00%; Size 6: 0.00%,Size 1: 0.00min; Size 2: 0.00min; Size 3: 1.67min; Size 4: 6.67min; Size 5: N/A; Size 6: N/A,Size 1: 0.00min; Size 2: 0.00min; Size 3: 5.00min; Size 4: 20.00min; Size 5: N/A; Size 6: N/A,Size 1: 0.00; Size 2: 0.00; Size 3: 0.33; Size 4: 0.33; Size 5: N/A; Size 6: N/A,<=30min: 100.0%; <=60min: 100.0%; <=90min: 100.0%; <=120min: 100.0%; <=146min: 100.0%
Priority Queue (VIP First),Compact Cafe,Peak Hours,24,14,72,29,58.3333,73.0556,69.6875,19.0000,130.0000,133.2167,528,0.0993,0.2491,66.6667,55.5556,141,Size 1: 100.00%; Size 2: 100.00%; Size 3: 25.00%; Size 4: 40.00%; Size 5: 0.00%; Size 6: 0.00%,Size 1: 20.25min; Size 2: 7.86min; Size 3: 0.00min; Size 4: 65.00min; Size 5: N/A; Size 6: N/A,Size 1: 32.00min; Size 2: 27.00min; Size 3: 0.00min; Size 4: 130.00min; Size 5: N/A; Size 6: N/A,Size 1: 0.73; Size 2: 0.37; Size 3: 1.00; Size 4: 0.50; Size 5: N/A; Size 6: N/A,<=30min: 85.7%; <=60min: 92.9%; <=90min: 92.9%; <=120min: 92.9%; <=141min: 100.0%
Priority Queue (VIP First),Compact Cafe,Mixed VIP Flow,20,12,63,27,60.0000,67.9487,64.7837,11.6667,123.0000,24.7692,157,0.0909,0.1071,83.3333,50.0000,132,Size 1: 100.00%; Size 2: 100.00%; Size 3: 33.33%; Size 4: 50.00%; Size 5: 0.00%; Size 6: 0.00%,Size 1: 7.50min; Size 2: 0.29min; Size 3: 123.00min; Size 4: 0.00min; Size 5: N/A; Size 6: N/A,Size 1: 9.00min; Size 2: 2.00min; Size 3: 123.00min; Size 4: 0.00min; Size 5: N/A; Size 6: N/A,Size 1: 0.96; Size 2: 0.14; Size 3: 1.00; Size 4: 0.00; Size 5: N/A; Size 6: N/A,<=30min: 91.7%; <=60min: 91.7%; <=90min: 91.7%; <=120min: 91.7%; <=132min: 100.0%
Priority Queue (VIP First),Compact Cafe,Distributed Arrivals with Mixed Sizes and VIPs,24,16,58,26,66.6667,78.1250,54.8828,25.0625,117.0000,176.5000,838,0.1111,0.4027,83.3333,61.1111,144,Size 1: 100.00%; Size 2: 100.00%; Size 3: 33.33%; Size 4: 16.67%; Size 6: 0.00%,Size 1: 21.22min; Size 2: 18.60min; Size 3: 117.00min; Size 4: 0.00min; Size 6: N/A,Size 1: 47.00min; Size 2: 46.00min; Size 3: 117.00min; Size 4: 0.00min; Size 6: N/A,Size 1: 0.53; Size 2: 0.48; Size 3: 1.00; Size 4: 1.00; Size 6: N/A,<=30min: 62.5%; <=60min: 93.8%; <=90min: 93.8%; <=120min: 100.0%; <=144min: 100.0%
Priority Queue (VIP First),Compact Cafe,Many 1 Person Groups Preferring 4-Person Tables,24,17,55,26,70.8333,79.0404,47.8220,30.6471,126.0000,244.9242,1120,0.1111,0.4478,83.3333,66.6667,153,Size 1: 100.00%; Size 2: 100.00%; Size 3: 50.00%; Size 4: 16.67%; Size 6: 0.00%,Size 1: 24.27min; Size 2: 32.00min; Size 3: 126.00min; Size 4: 0.00min; Size 6: N/A,Size 1: 60.00min; Size 2: 63.00min; Size 3: 126.00min; Size 4: 0.00min; Size 6: N/A,Size 1: 0.51; Size 2: 0.57; Size 3: 1.00; Size 4: 1.00; Size 6: N/A,<=30min: 47.1%; <=60min: 88.2%; <=90min: 94.1%; <=120min: 94.1%; <=150min: 100.0%; <=153min: 100.0%
Priority Queue (VIP First),Small Bistro - Balanced Layout,Light Traffic,16,16,45,45,100.0000,59.5238,48.9796,6.2500,100.0000,1.2245,4,0.0909,0.0625,100.0000,100.0000,176,Size 1: 100.00%; Size 2: 100.00%; Size 3: 100.00%; Size 4: 100.00%; Size 5: 100.00%; Size 6: 100.00%,Size 1: 0.00min; Size 2: 0.00min; Size 3: 0.00min; Size 4: 0.00min; Size 5: 100.00min; Size 6: 0.00min,Size 1: 0.00min; Size 2: 0.00min; Size 3: 0.00min; Size 4: 0.00min; Size 5: 100.00min; Size 6: 0.00min,Size 1: 0.00; Size 2: 0.00; Size 3: 0.00; Size 4: 0.00; Size 5: 1.00; Size 6: 1.00,<=30min: 93.8%; <=60min: 93.8%; <=90min: 93.8%; <=120min: 100.0%; <=150min: 100.0%; <=176min: 100.0%
Priority Queue (VIP First),Small Bistro - Balanced Layout,Peak Hours,24,16,72,37,66.6667,83.0808,68.1818,36.9375,126.0000,50.7576,338,0.1046,0.4691,83.3333,61.1111,153,Size 1: 100.00%; Size 2: 100.00%; Size 3: 50.00%; Size 4: 40.00%; Size 5: 50.00%; Size 6: 0.00%,Size 1: 49.50min; Size 2: 30.57min; Size 3: 63.00min; Size 4: 26.50min; Size 5: 0.00min; Size 6: N/A,Size 1: 78.00min; Size 2: 84.00min; Size 3: 126.00min; Size 4: 53.00min; Size 5: 0.00min; Size 6: N/A,Size 1: 0.74; Size 2: 0.45; Size 3: 0.50; Size 4: 0.50; Size 5: 1.00; Size 6: N/A,<=30min: 50.0%; <=60min: 68.8%; <=90min: 93.8%; <=120min: 93.8%; <=150min: 100.0%; <=153min: 100.0%
Priority Queue (VIP First),Small Bistro - Balanced Layout,Mixed VIP Flow,20,18,63,53,90.0000,77.7778,63.0781,18.2222,93.0000,75.7895,513,0.1216,0.3618,100.0000,85.7143,148,Size 1: 100.00%; Size 2: 100.00%; Size 3: 100.00%; Size 4: 100.00%; Size 5: 0.00%; Size 6: 100.00%,Size 1: 18.00min; Size 2: 6.86min; Size 3: 23.00min; Size 4: 18.00min; Size 5: N/A; Size 6: 51.50min,Size 1: 29.00min; Size 2: 30.00min; Size 3: 46.00min; Size 4: 52.00min; Size 5: N/A; Size 6: 93.00min,Size 1: 0.73; Size 2: 0.29; Size 3: 0.60; Size 4: 0.42; Size 5: N/A; Size 6: 0.61,<=30min: 83.3%; <=60min: 94.4%; <=90min: 94.4%; <=120min: 100.0%; <=148min: 100.0%
Priority Queue (VIP First),Small Bistro - Balanced Layout,Distributed Arrivals with Mixed Sizes and VIPs,24,18,58,38,75.0000,85.4762,58.1818,42.8333,144.0000,890.9286,14441,0.1176,0.4722,100.0000,66.6667,153,Size 1: 88.89%; Size 2: 100.00%; Size 3: 66.67%; Size 4: 33.33%; Size 6: 100.00%,Size 1: 33.88min; Size 2: 38.80min; Size 3: 34.00min; Size 4: 72.00min; Size 6: 94.00min,Size 1: 95.00min; Size 2: 114.00min; Size 3: 44.00min; Size 4: 144.00min; Size 6: 94.00min,Size 1: 0.47; Size 2: 0.42; Size 3: 0.92; Size 4: 0.50; Size 6: 1.00,<=30min: 50.0%; <=60min: 66.7%; <=90min: 77.8%; <=120min: 94.4%; <=150min: 100.0%; <=153min: 100.0%
Priority Queue (VIP First),Small Bistro - Balanced Layout,Many 1 Person Groups Preferring 4-Person Tables,24,22,55,48,91.6667,84.2995,48.2872,49.9091,125.0000,539.1594,7159,0.1392,0.5861,100.0000,88.8889,158,Size 1: 100.00%; Size 2: 100.00%; Size 3: 50.00%; Size 4: 83.33%; Size 6: 100.00%,Size 1: 40.73min; Size 2: 47.75min; Size 3: 24.00min; Size 4: 68.20min; Size 6: 94.00min,Size 1: 102.00min; Size 2: 99.00min; Size 3: 24.00min; Size 4: 125.00min; Size 6: 94.00min,Size 1: 0.51; Size 2: 0.54; Size 3: 1.00; Size 4: 0.73; Size 6: 1.00,<=30min: 40.9%; <=60min: 50.0%; <=90min: 77.3%; <=120min: 95.5%; <=150min: 100.0%; <=158min: 100.0%
Priority Queue (VIP First),Small Bistro - Large Table Heavy Layout,Light Traffic,16,16,45,45,100.0000,71.6000,52.1667,10.6250,35.0000,1.4000,5,0.0994,0.3803,100.0000,100.0000,161,Size 1: 100.00%; Size 2: 100.00%; Size 3: 100.00%; Size 4: 100.00%; Size 5: 100.00%; Size 6: 100.00%,Size 1: 11.67min; Size 2: 8.00min; Size 3: 1.67min; Size 4: 10.00min; Size 5: 35.00min; Size 6: 25.00min,Size 1: 35.00min; Size 2: 30.00min; Size 3: 5.00min; Size 4: 25.00min; Size 5: 35.00min; Size 6: 25.00min,Size 1: 0.33; Size 2: 0.32; Size 3: 0.33; Size 4: 0.46; Size 5: 1.00; Size 6: 1.00,<=30min: 87.5%; <=60min: 100.0%; <=90min: 100.0%; <=120min: 100.0%; <=150min: 100.0%; <=161min: 100.0%
Priority Queue (VIP First),Small Bistro - Large Table Heavy Layout,Peak Hours,24,20,72,56,83.3333,85.7143,56.3492,51.2000,139.0000,37.3651,353,0.1307,0.5510,100.0000,77.7778,153,Size 1: 75.00%; Size 2: 100.00%; Size 3: 100.00%; Size 4: 80.00%; Size 5: 50.00%; Size 6: 50.00%,Size 1: 55.00min; Size 2: 42.14min; Size 3: 50.50min; Size 4: 51.75min; Size 5: 139.00min; Size 6: 16.00min,Size 1: 97.00min; Size 2: 114.00min; Size 3: 114.00min; Size 4: 106.00min; Size 5: 139.00min; Size 6: 16.00min,Size 1: 0.65; Size 2: 0.50; Size 3: 0.55; Size 4: 0.58; Size 5: 1.00; Size 6: 1.00,<=30min: 50.0%; <=60min: 50.0%; <=90min: 75.0%; <=120min: 95.0%; <=150min: 100.0%; <=153min: 100.0%
Priority Queue (VIP First),Small Bistro - Large Table Heavy Layout,Mixed VIP Flow,20,18,63,53,90.0000,82.4561,55.7749,31.9444,136.0000,32.0000,241,0.1224,0.4387,100.0000,85.7143,147,Size 1: 100.00%; Size 2: 100.00%; Size 3: 100.00%; Size 4: 100.00%; Size 5: 0.00%; Size 6: 100.00%,Size 1: 56.50min; Size 2: 9.86min; Size 3: 44.33min; Size 4: 28.00min; Size 5: N/A; Size 6: 74.00min,Size 1: 73.00min; Size 2: 50.00min; Size 3: 66.00min; Size 4: 72.00min; Size 5: N/A; Size 6: 136.00min,Size 1: 0.92; Size 2: 0.25; Size 3: 0.87; Size 4: 0.46; Size 5: N/A; Size 6: 0.59,<=30min: 55.6%; <=60min: 77.8%; <=90min: 94.4%; <=120min: 94.4%; <=147min: 100.0%
Priority Queue (VIP First),Small Bistro - Large Table Heavy Layout,Distributed Arrivals with Mixed Sizes and VIPs,24,22,58,53,91.6667,84.4444,41.5344,55.5455,119.0000,8.2222,16,0.1410,0.6002,100.0000,88.8889,156,Size 1: 88.89%; Size 2: 100.00%; Size 3: 100.00%; Size 4: 83.33%; Size 6: 100.00%,Size 1: 49.63min; Size 2: 50.80min; Size 3: 70.67min; Size 4: 68.60min; Size 6: 16.00min,Size 1: 112.00min; Size 2: 119.00min; Size 3: 117.00min; Size 4: 115.00min; Size 6: 16.00min,Size 1: 0.53; Size 2: 0.52; Size 3: 0.74; Size 4: 0.76; Size 6: 1.00,<=30min: 45.5%; <=60min: 45.5%; <=90min: 72.7%; <=120min: 100.0%; <=150min: 100.0%; <=156min: 100.0%
Priority Queue (VIP First),Small Bistro - Large Table Heavy Layout,Many 1 Person Groups Preferring 4-Person Tables,24,22,55,50,91.6667,84.4444,34.1270,55.5455,119.0000,8.2222,16,0.1410,0.6002,100.0000,88.8889,156,Size 1: 90.91%; Size 2: 100.00%; Size 3: 100.00%; Size 4: 83.33%; Size 6: 100.00%,Size 1: 44.50min; Size 2: 63.50min; Size 3: 66.50min; Size 4: 74.80min; Size 6: 16.00min,Size 1: 112.00min; Size 2: 119.00min; Size 3: 117.00min; Size 4: 115.00min; Size 6: 16.00min,Size 1: 0.53; Size 2: 0.65; Size 3: 0.63; Size 4: 0.77; Size 6: 1.00,<=30min: 45.5%; <=60min: 45.5%; <=90min: 72.7%; <=120min: 100.0%; <=150min: 100.0%; <=156min: 100.0%
Priority Queue (VIP First),Medium Diner - Standard Layout,Light Traffic,16,16,45,45,100.0000,40.2083,33.3882,0.0000,0.0000,0.3333,1,0.1270,0.0000,100.0000,100.0000,126,Size 1: 100.00%; Size 2: 100.00%; Size 3: 100.00%; Size 4: 100.00%; Size 5: 100.00%; Size 6: 100.00%,Size 1: 0.00min; Size 2: 0.00min; Size 3: 0.00min; Size 4: 0.00min; Size 5: 0.00min; Size 6: 0.00min,Size 1: 0.00min; Size 2: 0.00min; Size 3: 0.00min; Size 4: 0.00min; Size 5: 0.00min; Size 6: 0.00min,Size 1: 0.00; Size 2: 0.00; Size 3: 0.00; Size 4: 0.00; Size 5: 1.00; Size 6: 1.00,<=30min: 100.0%; <=60min: 100.0%; <=90min: 100.0%; <=120min: 100.0%; <=126min: 100.0%
Priority Queue (VIP First),Medium Diner - Standard Layout,Peak Hours,24,23,72,67,95.8333,76.3415,68.4211,22.5652,115.0000,648.7439,4064,0.1503,0.3857,100.0000,94.4444,153,Size 1: 100.00%; Size 2: 100.00%; Size 3: 100.00%; Size 4: 100.00%; Size 5: 50.00%; Size 6: 100.00%,Size 1: 24.50min; Size 2: 12.43min; Size 3: 22.00min; Size 4: 26.20min; Size 5: 0.00min; Size 6: 57.50min,Size 1: 43.00min; Size 2: 39.00min; Size 3: 62.00min; Size 4: 60.00min; Size 5: 0.00min; Size 6: 115.00min,Size 1: 0.70; Size 2: 0.35; Size 3: 0.43; Size 4: 0.56; Size 5: 1.00; Size 6: 0.50,<=30min: 60.9%; <=60min: 91.3%; <=90min: 95.7%; <=120min: 100.0%; <=150min: 100.0%; <=153min: 100.0%
Priority Queue (VIP First),Medium Diner - Standard Layout,Mixed VIP Flow,20,19,63,58,95.0000,68.6486,61.8065,17.3158,87.0000,649.9189,7929,0.1450,0.2307,100.0000,92.8571,131,Size 1: 100.00%; Size 2: 100.00%; Size 3: 100.00%; Size 4: 100.00%; Size 5: 50.00%; Size 6: 100.00%,Size 1: 0.00min; Size 2: 0.00min; Size 3: 36.00min; Size 4: 33.50min; Size 5: 0.00min; Size 6: 43.50min,Size 1: 0.00min; Size 2: 0.00min; Size 3: 85.00min; Size 4: 81.00min; Size 5: 0.00min; Size 6: 87.00min,Size 1: 0.00; Size 2: 0.00; Size 3: 0.50; Size 4: 0.48; Size 5: 1.00; Size 6: 0.50,<=30min: 78.9%; <=60min: 84.2%; <=90min: 100.0%; <=120min: 100.0%; <=131min: 100.0%
Priority Queue (VIP First),Medium Diner - Standard Layout,Distributed Arrivals with Mixed Sizes and VIPs,24,24,58,58,100.0000,76.7073,55.0064,21.5000,115.0000,2448.1585,15344,0.1519,0.3796,100.0000,100.0000,158,Size 1: 100.00%; Size 2: 100.00%; Size 3: 100.00%; Size 4: 100.00%; Size 6: 100.00%,Size 1: 13.78min; Size 2: 14.80min; Size 3: 20.67min; Size 4: 23.50min; Size 6: 115.00min,Size 1: 35.00min; Size 2: 39.00min; Size 3: 50.00min; Size 4: 65.00min; Size 6: 115.00min,Size 1: 0.43; Size 2: 0.48; Size 3: 0.48; Size 4: 0.47; Size 6: 1.00,<=30min: 62.5%; <=60min: 91.7%; <=90min: 95.8%; <=120min: 100.0%; <=150min: 100.0%; <=158min: 100.0%
Priority Queue (VIP First),Medium Diner - Standard Layout,Many 1 Person Groups Preferring 4-Person Tables,24,21,55,44,87.5000,77.1605,48.5380,21.0952,120.0000,3855.4815,61384,0.1400,0.2736,100.0000,83.3333,150,Size 1: 100.00%; Size 2: 100.00%; Size 3: 50.00%; Size 4: 66.67%; Size 6: 100.00%,Size 1: 6.91min; Size 2: 18.50min; Size 3: 12.00min; Size 4: 41.50min; Size 6: 115.00min,Size 1: 32.00min; Size 2: 39.00min; Size 3: 12.00min; Size 4: 120.00min; Size 6: 115.00min,Size 1: 0.26; Size 2: 0.60; Size 3: 1.00; Size 4: 0.42; Size 6: 1.00,<=30min: 76.2%; <=60min: 90.5%; <=90min: 90.5%; <=120min: 100.0%; <=150min: 100.0%
Priority Queue (VIP First),Family Restaurant,Light Traffic,16,16,45,45,100.0000,44.6759,28.8352,0.0000,0.0000,0.3333,1,0.1270,0.0000,100.0000,100.0000,126,Size 1: 100.00%; Size 2: 100.00%; Size 3: 100.00%; Size 4: 100.00%; Size 5: 100.00%; Size 6: 100.00%,Size 1: 0.00min; Size 2: 0.00min; Size 3: 0.00min; Size 4: 0.00min; Size 5: 0.00min; Size 6: 0.00min,Size 1: 0.00min; Size 2: 0.00min; Size 3: 0.00min; Size 4: 0.00min; Size 5: 0.00min; Size 6: 0.00min,Size 1: 0.00; Size 2: 0.00; Size 3: 0.00; Size 4: 0.00; Size 5: 1.00; Size 6: 1.00,<=30min: 100.0%; <=60min: 100.0%; <=90min: 100.0%; <=120min: 100.0%; <=126min: 100.0%
Priority Queue (VIP First),Family Restaurant,Peak Hours,24,23,72,67,95.8333,81.6138,62.3647,29.4348,123.0000,908.5119,6718,0.1456,0.4340,100.0000,94.4444,158,Size 1: 100.00%; Size 2: 100.00%; Size 3: 100.00%; Size 4: 100.00%; Size 5: 50.00%; Size 6: 100.00%,Size 1: 33.00min; Size 2: 16.29min; Size 3: 30.25min; Size 4: 37.40min; Size 5: 0.00min; Size 6: 61.50min,Size 1: 55.00min; Size 2: 56.00min; Size 3: 70.00min; Size 4: 88.00min; Size 5: 0.00min; Size 6: 123.00min,Size 1: 0.72; Size 2: 0.34; Size 3: 0.57; Size 4: 0.55; Size 5: 1.00; Size 6: 0.50,<=30min: 52.2%; <=60min: 87.0%; <=90min: 95.7%; <=120min: 95.7%; <=150min: 100.0%; <=158min: 100.0%
Priority Queue (VIP First),Family Restaurant,Mixed VIP Flow,20,20,63,63,100.0000,71.8519,49.9621,6.8500,25.0000,2.0667,7,0.1653,0.3743,100.0000,100.0000,121,Size 1: 100.00%; Size 2: 100.00%; Size 3: 100.00%; Size 4: 100.00%; Size 5: 100.00%; Size 6: 100.00%,Size 1: 15.50min; Size 2: 2.57min; Size 3: 5.00min; Size 4: 10.75min; Size 5: 10.00min; Size 6: 5.00min,Size 1: 25.00min; Size 2: 16.00min; Size 3: 11.00min; Size 4: 25.00min; Size 5: 20.00min; Size 6: 10.00min,Size 1: 0.73; Size 2: 0.18; Size 3: 0.55; Size 4: 0.49; Size 5: 0.50; Size 6: 0.50,<=30min: 100.0%; <=60min: 100.0%; <=90min: 100.0%; <=120min: 100.0%; <=121min: 100.0%
Priority Queue (VIP First),Family Restaurant,Distributed Arrivals with Mixed Sizes and VIPs,24,24,58,58,100.0000,80.8943,50.3880,27.1667,119.0000,1131.7317,7616,0.1558,0.4353,100.0000,100.0000,154,Size 1: 100.00%; Size 2: 100.00%; Size 3: 100.00%; Size 4: 100.00%; Size 6: 100.00%,Size 1: 22.11min; Size 2: 20.60min; Size 3: 23.67min; Size 4: 26.67min; Size 6: 119.00min,Size 1: 55.00min; Size 2: 56.00min; Size 3: 59.00min; Size 4: 80.00min; Size 6: 119.00min,Size 1: 0.52; Size 2: 0.46; Size 3: 0.46; Size 4: 0.44; Size 6: 1.00,<=30min: 62.5%; <=60min: 91.7%; <=90min: 95.8%; <=120min: 100.0%; <=150min: 100.0%; <=154min: 100.0%
Priority Queue (VIP First),Family Restaurant,Many 1 Person Groups Preferring 4-Person Tables,24,24,55,55,100.0000,80.8943,44.6785,27.1667,119.0000,1131.7317,7616,0.1558,0.4353,100.0000,100.0000,154,Size 1: 100.00%; Size 2: 100.00%; Size 3: 100.00%; Size 4: 100.00%; Size 6: 100.00%,Size 1: 14.27min; Size 2: 25.75min; Size 3: 35.50min; Size 4: 33.67min; Size 6: 119.00min,Size 1: 55.00min; Size 2: 56.00min; Size 3: 59.00min; Size 4: 80.00min; Size 6: 119.00min,Size 1: 0.34; Size 2: 0.57; Size 3: 0.70; Size 4: 0.59; Size 6: 1.00,<=30min: 62.5%; <=60min: 91.7%; <=90min: 95.8%; <=120min: 100.0%; <=150min: 100.0%; <=154min: 100.0%
Priority Queue (VIP First),Dim Sum Hall,Light Traffic,16,16,45,45,100.0000,33.5069,18.1250,0.0000,0.0000,0.3333,1,0.1270,0.0000,100.0000,100.0000,126,Size 1: 100.00%; Size 2: 100.00%; Size 3: 100.00%; Size 4: 100.00%; Size 5: 100.00%; Size 6: 100.00%,Size 1: 0.00min; Size 2: 0.00min; Size 3: 0.00min; Size 4: 0.00min; Size 5: 0.00min; Size 6: 0.00min,Size 1: 0.00min; Size 2: 0.00min; Size 3: 0.00min; Size 4: 0.00min; Size 5: 0.00min; Size 6: 0.00min,Size 1: 0.00; Size 2: 0.00; Size 3: 0.00; Size 4: 0.00; Size 5: 1.00; Size 6: 1.00,<=30min: 100.0%; <=60min: 100.0%; <=90min: 100.0%; <=120min: 100.0%; <=126min: 100.0%
Priority Queue (VIP First),Dim Sum Hall,Peak Hours,24,22,72,63,91.6667,80.4422,54.5481,21.6818,123.0000,285.1327,2854,0.1392,0.2595,100.0000,88.8889,158,Size 1: 100.00%; Size 2: 100.00%; Size 3: 100.00%; Size 4: 80.00%; Size 5: 50.00%; Size 6: 100.00%,Size 1: 16.50min; Size 2: 6.14min; Size 3: 28.75min; Size 4: 32.50min; Size 5: 0.00min; Size 6: 61.50min,Size 1: 38.00min; Size 2: 39.00min; Size 3: 99.00min; Size 4: 100.00min; Size 5: 0.00min; Size 6: 123.00min,Size 1: 0.49; Size 2: 0.17; Size 3: 0.33; Size 4: 0.39; Size 5: 1.00; Size 6: 0.50,<=30min: 77.3%; <=60min: 86.4%; <=90min: 86.4%; <=120min: 95.5%; <=150min: 100.0%; <=158min: 100.0%
Priority Queue (VIP First),Dim Sum Hall,Mixed VIP Flow,20,20,63,63,100.0000,64.8611,37.8810,1.5500,13.0000,0.7333,3,0.1835,0.1698,100.0000,100.0000,109,Size 1: 100.00%; Size 2: 100.00%; Size 3: 100.00%; Size 4: 100.00%; Size 5: 100.00%; Size 6: 100.00%,Size 1: 4.00min; Size 2: 0.00min; Size 3: 1.67min; Size 4: 1.25min; Size 5: 6.50min; Size 6: 0.00min,Size 1: 8.00min; Size 2: 0.00min; Size 3: 5.00min; Size 4: 5.00min; Size 5: 13.00min; Size 6: 0.00min,Size 1: 0.50; Size 2: 0.00; Size 3: 0.33; Size 4: 0.25; Size 5: 0.50; Size 6: 0.00,<=30min: 100.0%; <=60min: 100.0%; <=90min: 100.0%; <=109min: 100.0%
Priority Queue (VIP First),Dim Sum Hall,Distributed Arrivals with Mixed Sizes and VIPs,24,23,58,54,95.8333,80.3571,46.9971,21.8261,121.0000,589.3061,6504,0.1474,0.2618,100.0000,94.4444,156,Size 1: 100.00%; Size 2: 100.00%; Size 3: 100.00%; Size 4: 83.33%; Size 6: 100.00%,Size 1: 9.78min; Size 2: 8.40min; Size 3: 42.67min; Size 4: 24.60min; Size 6: 121.00min,Size 1: 37.00min; Size 2: 39.00min; Size 3: 114.00min; Size 4: 95.00min; Size 6: 121.00min,Size 1: 0.32; Size 2: 0.23; Size 3: 0.41; Size 4: 0.31; Size 6: 1.00,<=30min: 78.3%; <=60min: 87.0%; <=90min: 87.0%; <=120min: 95.7%; <=150min: 100.0%; <=156min: 100.0%
Priority Queue (VIP First),Dim Sum Hall,Many 1 Person Groups Preferring 4-Person Tables,24,24,55,55,100.0000,71.7593,25.9325,8.4583,27.0000,2.6111,8,0.2017,0.3846,100.0000,100.0000,119,Size 1: 100.00%; Size 2: 100.00%; Size 3: 100.00%; Size 4: 100.00%; Size 6: 100.00%,Size 1: 4.45min; Size 2: 9.25min; Size 3: 13.00min; Size 4: 14.50min; Size 6: 4.00min,Size 1: 27.00min; Size 2: 19.00min; Size 3: 25.00min; Size 4: 26.00min; Size 6: 4.00min,Size 1: 0.18; Size 2: 0.50; Size 3: 0.54; Size 4: 0.66; Size 6: 1.00,<=30min: 100.0%; <=60min: 100.0%; <=90min: 100.0%; <=119min: 100.0%
Priority Queue (VIP First),Large Banquet Hall,Light Traffic,16,16,45,45,100.0000,30.9295,12.9464,0.0000,0.0000,0.3333,1,0.1270,0.0000,100.0000,100.0000,126,Size 1: 100.00%; Size 2: 100.00%; Size 3: 100.00%; Size 4: 100.00%; Size 5: 100.00%; Size 6: 100.00%,Size 1: 0.00min; Size 2: 0.00min; Size 3: 0.00min; Size 4: 0.00min; Size 5: 0.00min; Size 6: 0.00min,Size 1: 0.00min; Size 2: 0.00min; Size 3: 0.00min; Size 4: 0.00min; Size 5: 0.00min; Size 6: 0.00min,Size 1: 0.00; Size 2: 0.00; Size 3: 0.00; Size 4: 0.00; Size 5: 1.00; Size 6: 1.00,<=30min: 100.0%; <=60min: 100.0%; <=90min: 100.0%; <=120min: 100.0%; <=126min: 100.0%
Priority Queue (VIP First),Large Banquet Hall,Peak Hours,24,24,72,72,100.0000,70.0855,31.2642,6.5417,22.0000,2.1528,8,0.2105,0.3587,100.0000,100.0000,114,Size 1: 100.00%; Size 2: 100.00%; Size 3: 100.00%; Size 4: 100.00%; Size 5: 100.00%; Size 6: 100.00%,Size 1: 10.50min; Size 2: 5.00min; Size 3: 4.75min; Size 4: 8.20min; Size 5: 7.00min; Size 6: 3.00min,Size 1: 22.00min; Size 2: 18.00min; Size 3: 17.00min; Size 4: 21.00min; Size 5: 14.00min; Size 6: 6.00min,Size 1: 0.50; Size 2: 0.29; Size 3: 0.31; Size 4: 0.40; Size 5: 0.50; Size 6: 0.50,<=30min: 100.0%; <=60min: 100.0%; <=90min: 100.0%; <=114min: 100.0%
Priority Queue (VIP First),Large Banquet Hall,Mixed VIP Flow,20,20,63,63,100.0000,61.9231,27.7041,0.4000,5.0000,0.5000,2,0.1980,0.0941,100.0000,100.0000,101,Size 1: 100.00%; Size 2: 100.00%; Size 3: 100.00%; Size 4: 100.00%; Size 5: 100.00%; Size 6: 100.00%,Size 1: 1.50min; Size 2: 0.00min; Size 3: 0.00min; Size 4: 1.25min; Size 5: 0.00min; Size 6: 0.00min,Size 1: 3.00min; Size 2: 0.00min; Size 3: 0.00min; Size 4: 5.00min; Size 5: 0.00min; Size 6: 0.00min,Size 1: 0.50; Size 2: 0.00; Size 3: 0.00; Size 4: 0.25; Size 5: 0.00; Size 6: 0.00,<=30min: 100.0%; <=60min: 100.0%; <=90min: 100.0%; <=101min: 100.0%
Priority Queue (VIP First),Large Banquet Hall,Distributed Arrivals with Mixed Sizes and VIPs,24,24,58,58,100.0000,69.9786,23.2993,6.3333,22.0000,2.1389,7,0.2105,0.3473,100.0000,100.0000,114,Size 1: 100.00%; Size 2: 100.00%; Size 3: 100.00%; Size 4: 100.00%; Size 6: 100.00%,Size 1: 6.22min; Size 2: 6.60min; Size 3: 6.00min; Size 4: 6.83min; Size 6: 4.00min,Size 1: 22.00min; Size 2: 17.00min; Size 3: 17.00min; Size 4: 21.00min; Size 6: 4.00min,Size 1: 0.32; Size 2: 0.40; Size 3: 0.37; Size 4: 0.33; Size 6: 1.00,<=30min: 100.0%; <=60min: 100.0%; <=90min: 100.0%; <=114min: 100.0%
Priority Queue (VIP First),Large Banquet Hall,Many 1 Person Groups Preferring 4-Person Tables,24,24,55,55,100.0000,69.9786,19.7279,6.3333,22.0000,2.1389,7,0.2105,0.3473,100.0000,100.0000,114,Size 1: 100.00%; Size 2: 100.00%; Size 3: 100.00%; Size 4: 100.00%; Size 6: 100.00%,Size 1: 3.82min; Size 2: 8.25min; Size 3: 9.00min; Size 4: 9.17min; Size 6: 4.00min,Size 1: 22.00min; Size 2: 17.00min; Size 3: 17.00min; Size 4: 21.00min; Size 6: 4.00min,Size 1: 0.18; Size 2: 0.50; Size 3: 0.56; Size 4: 0.49; Size 6: 1.00,<=30min: 100.0%; <=60min: 100.0%; <=90min: 100.0%; <=114min: 100.0%
Priority Queue (VIP First),Small-Table Heavy Layout,Light Traffic,16,14,45,34,87.5000,37.2159,37.6136,1.7857,20.0000,71.1364,516,0.0959,0.1050,75.0000,91.6667,146,Size 1: 100.00%; Size 2: 100.00%; Size 3: 100.00%; Size 4: 100.00%; Size 5: 0.00%; Size 6: 0.00%,Size 1: 0.00min; Size 2: 0.00min; Size 3: 1.67min; Size 4: 6.67min; Size 5: N/A; Size 6: N/A,Size 1: 0.00min; Size 2: 0.00min; Size 3: 5.00min; Size 4: 20.00min; Size 5: N/A; Size 6: N/A,Size 1: 0.00; Size 2: 0.00; Size 3: 0.33; Size 4: 0.33; Size 5: N/A; Size 6: N/A,<=30min: 100.0%; <=60min: 100.0%; <=90min: 100.0%; <=120min: 100.0%; <=146min: 100.0%
Priority Queue (VIP First),Small-Table Heavy Layout,Peak Hours,24,14,72,29,58.3333,69.1964,65.0893,8.7143,102.0000,142.8036,464,0.1239,0.1007,66.6667,55.5556,113,Size 1: 100.00%; Size 2: 100.00%; Size 3: 25.00%; Size 4: 40.00%; Size 5: 0.00%; Size 6: 0.00%,Size 1: 2.50min; Size 2: 1.43min; Size 3: 0.00min; Size 4: 51.00min; Size 5: N/A; Size 6: N/A,Size 1: 10.00min; Size 2: 6.00min; Size 3: 0.00min; Size 4: 102.00min; Size 5: N/A; Size 6: N/A,Size 1: 0.25; Size 2: 0.27; Size 3: 1.00; Size 4: 0.50; Size 5: N/A; Size 6: N/A,<=30min: 92.9%; <=60min: 92.9%; <=90min: 92.9%; <=113min: 100.0%
Priority Queue (VIP First),Small-Table Heavy Layout,Mixed VIP Flow,20,12,63,27,60.0000,54.5673,54.4231,10.2500,123.0000,28.6346,159,0.0909,0.0833,83.3333,50.0000,132,Size 1: 100.00%; Size 2: 100.00%; Size 3: 33.33%; Size 4: 50.00%; Size 5: 0.00%; Size 6: 0.00%,Size 1: 0.00min; Size 2: 0.00min; Size 3: 123.00min; Size 4: 0.00min; Size 5: N/A; Size 6: N/A,Size 1: 0.00min; Size 2: 0.00min; Size 3: 123.00min; Size 4: 0.00min; Size 5: N/A; Size 6: N/A,Size 1: 0.00; Size 2: 0.00; Size 3: 1.00; Size 4: 0.00; Size 5: N/A; Size 6: N/A,<=30min: 91.7%; <=60min: 91.7%; <=90min: 91.7%; <=120min: 91.7%; <=132min: 100.0%
Priority Queue (VIP First),Small-Table Heavy Layout,Distributed Arrivals with Mixed Sizes and VIPs,24,18,58,33,75.0000,72.8516,56.4063,17.3333,135.0000,169.3594,1302,0.1250,0.2396,83.3333,72.2222,144,Size 1: 100.00%; Size 2: 100.00%; Size 3: 66.67%; Size 4: 33.33%; Size 6: 0.00%,Size 1: 11.56min; Size 2: 12.20min; Size 3: 73.50min; Size 4: 0.00min; Size 6: N/A,Size 1: 32.00min; Size 2: 26.00min; Size 3: 135.00min; Size 4: 0.00min; Size 6: N/A,Size 1: 0.43; Size 2: 0.52; Size 3: 0.59; Size 4: 0.00; Size 6: N/A,<=30min: 88.9%; <=60min: 94.4%; <=90min: 94.4%; <=120min: 94.4%; <=144min: 100.0%
Priority Queue (VIP First),Small-Table Heavy Layout,Many 1 Person Groups Preferring 4-Person Tables,24,20,55,38,83.3333,75.3788,52.3485,20.9500,120.0000,224.8788,2062,0.1342,0.3595,83.3333,83.3333,149,Size 1: 100.00%; Size 2: 100.00%; Size 3: 50.00%; Size 4: 66.67%; Size 6: 0.00%,Size 1: 14.82min; Size 2: 21.00min; Size 3: 12.00min; Size 4: 40.00min; Size 6: N/A,Size 1: 38.00min; Size 2: 39.00min; Size 3: 12.00min; Size 4: 120.00min; Size 6: N/A,Size 1: 0.45; Size 2: 0.61; Size 3: 1.00; Size 4: 0.40; Size 6: N/A,<=30min: 65.0%; <=60min: 95.0%; <=90min: 95.0%; <=120min: 100.0%; <=149min: 100.0%
